time_s,gyro_x_deg_s,gyro_y_deg_s,gyro_z_deg_s,accel_x_g,accel_y_g,accel_z_g,aux_volts,current_a,accel_mag_g,accel_excess_g,gyro_mag_deg_s,jerk_excess_g_per_s
0.704,-21.4,4.7,1.5,20.42,-0.31,-0.5,0.037,0.0,20.42847277698458,19.42847277698458,21.96132965009177,5.507080030403813
0.706,-22.8,3.5,2.2,20.42,-0.32,-0.56,0.037,0.0,20.43018355277309,19.43018355277309,23.171750041807375,-1.9725058254898613
0.708,-23.8,3.5,2.1,20.41,-0.36,-0.55,0.035,0.0,20.42058275368262,19.42058275368262,24.147463634924478,7.4431147274563045
0.71,-22.4,2.2,1.2,20.45,-0.37,-0.52,0.035,0.0,20.45995601168292,19.45995601168292,22.539742678211745,-0.36484101887799625
0.712,-22.4,1.9,2.8,20.41,-0.35,-0.5,0.037,0.0,20.41912338960711,19.41912338960711,22.654138694728605,-2.5892484023097495
0.714,-23.3,2.3,2.6,20.44,-0.3,-0.55,0.034,0.0,20.44959901807368,19.44959901807368,23.557164515280697,20.330736749341668
0.716,-22.6,2.2,2.7,20.49,-0.41,-0.51,0.035,0.0,20.500446336604476,19.500446336604476,22.866788143506295,-5.118187970516374
0.718,-23.3,1.5,2.0,20.42,-0.32,-0.52,0.037,0.0,20.429126266191613,19.429126266191613,23.433736364481017,12.541089979355093
0.72,-22.6,0.4,2.2,20.54,-0.38,-0.54,0.036,0.0,20.550610696521893,19.550610696521893,22.710350063352173,10.609234358267713
0.722,-20.5,1.6,2.5,20.46,-0.37,-0.58,0.036,0.0,20.471563203624683,19.471563203624683,20.71376354021644,2.140001649358055
0.724,-26.0,-1.4,2.0,20.55,-0.37,-0.49,0.036,0.0,20.559170703119328,19.559170703119328,26.114363863590476,37.207403784016606
0.726,-17.6,0.2,2.5,20.61,-0.37,-0.54,0.036,0.0,20.620392818760752,19.620392818760752,17.777795138880414,2.5371707002623225
0.728,-25.7,-2.4,2.3,20.56,-0.32,-0.53,0.035,0.0,20.569319385920377,19.569319385920377,25.914088832139168,-5.317869569086724
0.73,-20.2,-0.2,1.6,20.59,-0.34,-0.51,0.037,0.0,20.599121340484405,19.599121340484405,20.264254242384546,-0.10756423674502003
0.732,-25.1,-2.5,2.0,20.56,-0.34,-0.5,0.036,0.0,20.568889128973396,19.568889128973396,25.303359460751455,5.0438616871661
0.734,-21.9,-1.6,1.6,20.61,-0.32,-0.53,0.035,0.0,20.61929678723307,19.61929678723307,22.016584657934573,7.630871002867934
0.736,-21.2,-2.8,3.0,20.59,-0.31,-0.54,0.034,0.0,20.599412612984867,19.599412612984867,21.593517545782113,12.162352429111706
0.738,-24.0,-3.3,2.1,20.66,-0.28,-0.5,0.034,0.0,20.667946196949515,19.667946196949515,24.31666095499133,9.903381707733388
0.74,-23.4,-3.5,2.5,20.63,-0.35,-0.5,0.034,0.0,20.6390261398158,19.6390261398158,23.792015467378967,-7.019858453416418
0.742,-22.7,-4.3,1.3,20.63,-0.34,-0.54,0.034,0.0,20.63986676313585,19.63986676313585,23.14022471800998,0.7267272996923566
0.744,-19.6,-4.1,2.3,20.63,-0.38,-0.59,0.037,0.0,20.641933049014572,19.641933049014572,20.155892438688994,-0.29252471494601195
0.746,-21.7,-4.8,1.5,20.63,-0.33,-0.5,0.036,0.0,20.638696664276065,19.638696664276065,22.275098204048394,21.70377605363865
0.748,-21.2,-4.4,1.6,20.72,-0.35,-0.49,0.037,0.0,20.728748153229127,19.728748153229127,21.71082679217906,12.832479649286142
0.75,-19.2,-4.6,2.6,20.68,-0.38,-0.52,0.036,0.0,20.69002658287321,19.69002658287321,19.913814300630605,-2.1454120266580503
0.752,-24.6,-5.8,1.1,20.71,-0.36,-0.54,0.034,0.0,20.720166505122492,19.720166505122492,25.298418922928764,-5.38885627320451
0.754,-20.7,-6.3,2.8,20.66,-0.3,-0.51,0.036,0.0,20.66847115778039,19.66847115778039,21.81788257370545,-9.995083936927585
0.756,-25.9,-7.9,0.4,20.67,-0.36,-0.54,0.035,0.0,20.68018616937478,19.68018616937478,27.080989642182576,20.177387234170055
0.758,-19.0,-6.3,2.5,20.74,-0.28,-0.55,0.036,0.0,20.749180706717073,19.749180706717073,20.172753902231594,14.638838660632246
0.76,-21.2,-8.5,1.4,20.73,-0.32,-0.51,0.037,0.0,20.738741524017314,19.738741524017314,22.883400097013556,-5.4759980509752495
0.762,-21.5,-7.7,1.8,20.72,-0.3,-0.46,0.036,0.0,20.72727671451317,19.72727671451317,22.90807717814832,-0.015068438639900705
0.764,-21.9,-7.9,1.5,20.73,-0.36,-0.48,0.036,0.0,20.738681250262754,19.738681250262754,23.3295949386182,22.86981304066194
0.766,-18.2,-9.2,2.2,20.81,-0.27,-0.54,0.037,0.0,20.81875596667582,19.81875596667582,20.51146021130626,-7.394243048050157
0.768,-19.7,-9.4,2.1,20.7,-0.37,-0.49,0.036,0.0,20.70910427807055,19.70910427807055,21.92852024191327,-4.724448520607439
0.77,-18.4,-9.6,1.6,20.79,-0.4,-0.5,0.037,0.0,20.79985817259339,19.79985817259339,20.815378930012297,10.445010108752285
0.772,-18.4,-9.3,2.5,20.74,-0.4,-0.54,0.036,0.0,20.750884318505562,19.750884318505562,20.767763480933617,2.4177236598115996
0.774,-19.5,-9.3,1.8,20.8,-0.34,-0.53,0.034,0.0,20.809529067232635,19.809529067232635,21.6790221181676,7.003407774264815
0.776,-18.0,-11.4,2.1,20.77,-0.36,-0.49,0.035,0.0,20.77889794960262,19.77889794960262,21.40957729615417,0.10571972290108533
0.778,-20.7,-11.0,1.6,20.8,-0.35,-0.54,0.037,0.0,20.80995194612424,19.80995194612424,23.495744295510196,12.869126736300132
0.78,-22.1,-11.5,1.2,20.82,-0.36,-0.55,0.035,0.0,20.830374456547823,19.830374456547823,24.941932563456266,14.95211853962519
0.782,-18.3,-10.7,2.1,20.86,-0.37,-0.52,0.037,0.0,20.86976042028274,19.86976042028274,21.30234728850321,-2.7959475604720865
0.784,-20.0,-12.4,1.4,20.81,-0.35,-0.51,0.036,0.0,20.819190666305932,19.819190666305932,23.57371417490252,12.26531206324762
0.786,-16.7,-11.0,2.1,20.91,-0.33,-0.51,0.036,0.0,20.91882166853573,19.91882166853573,20.107212636265626,9.575498052225157
0.788,-17.9,-11.9,1.4,20.85,-0.25,-0.5,0.036,0.0,20.857492658514833,19.857492658514833,21.540194985189896,-7.56385451807455
0.79,-19.6,-13.0,0.2,20.88,-0.37,-0.47,0.035,0.0,20.888566250463434,19.888566250463434,23.52020408074726,15.407543010953304
0.792,-20.4,-14.1,2.4,20.91,-0.3,-0.54,0.036,0.0,20.919122830558646,19.919122830558646,24.914453636393475,-7.990744889159032
0.794,-22.8,-13.6,0.8,20.85,-0.27,-0.45,0.036,0.0,20.856603270906795,19.856603270906795,26.560120481654444,-0.059754280869128706
0.796,-13.8,-12.7,3.2,20.91,-0.4,-0.46,0.036,0.0,20.91888381343517,19.91888381343517,19.02550919160904,8.255835340447447
0.798,-19.6,-16.1,0.0,20.88,-0.39,-0.5,0.036,0.0,20.889626612268586,19.889626612268586,25.364739304790817,7.686563724445477
0.8,-16.1,-12.8,0.9,20.94,-0.35,-0.53,0.036,0.0,20.94963006833295,19.94963006833295,20.587860500790267,9.837726737757293
0.802,-14.8,-14.9,1.1,20.92,-0.34,-0.51,0.035,0.0,20.928977519219615,19.928977519219615,21.02997860198626,17.308222136154654
0.804,-20.4,-13.7,0.7,21.01,-0.35,-0.5,0.035,0.0,21.01886295687757,20.01886295687757,24.583327683615167,10.355166221857871
0.806,-18.6,-16.3,1.1,20.96,-0.38,-0.54,0.034,0.0,20.970398184107047,19.970398184107047,24.756009371463733,-7.332462766261415
0.808,-22.6,-17.0,0.7,20.98,-0.4,-0.49,0.036,0.0,20.989533105812527,19.989533105812527,28.28869031963127,9.500629141263744
0.81,-17.1,-14.7,0.9,21.0,-0.35,-0.48,0.037,0.0,21.0084007006721,20.0084007006721,22.56789755382632,0.08754290356228012
0.812,-17.9,-16.8,0.4,20.98,-0.38,-0.52,0.036,0.0,20.989883277426774,19.989883277426774,24.552189311749775,-4.714516575738344
0.814,-19.9,-15.1,0.0,20.98,-0.33,-0.54,0.037,0.0,20.989542634369144,19.989542634369144,24.980392310770462,-15.613477073744434
0.816,-18.6,-17.2,0.4,20.92,-0.3,-0.47,0.037,0.0,20.927429369131797,19.927429369131797,25.336929569306538,-0.24119707800491597
0.818,-18.2,-16.1,0.2,20.98,-0.36,-0.48,0.037,0.0,20.988577846057126,19.988577846057126,24.3,-7.308318682921708
0.82,-19.1,-17.0,0.2,20.89,-0.32,-0.49,0.037,0.0,20.89819609440011,19.89819609440011,25.57049080483204,-7.824968488494051
0.822,-18.6,-18.0,-0.4,20.95,-0.29,-0.47,0.037,0.0,20.95727797210315,19.95727797210315,25.88667610953558,5.196429096499742
0.824,-20.2,-15.2,1.1,20.91,-0.34,-0.51,0.036,0.0,20.918981810786107,19.918981810786107,25.30395226046714,10.377522040891563
0.826,-17.7,-19.0,1.0,20.99,-0.33,-0.51,0.034,0.0,20.998788060266715,19.998788060266715,25.98634256681767,17.64973444156385
0.828,-15.6,-15.4,0.9,20.98,-0.39,-0.5,0.037,0.0,20.989580748552363,19.989580748552363,21.939234261933574,7.375007456885214
0.83,-20.4,-18.4,1.5,21.02,-0.37,-0.46,0.037,0.0,21.028288090094257,20.028288090094257,27.513087794720533,12.287550442189968
0.832,-15.1,-15.8,0.2,21.03,-0.37,-0.48,0.037,0.0,21.038730950321124,20.038730950321124,21.8561204242656,12.364617194196398
0.834,-18.7,-18.2,2.1,21.07,-0.31,-0.48,0.037,0.0,21.07774655887104,20.07774655887104,26.178999216929586,2.679493395461577
0.836,-16.5,-18.2,0.0,21.04,-0.29,-0.56,0.037,0.0,21.049448923902972,20.049448923902972,24.566033460858105,-9.682605544679063
0.838,-17.4,-17.6,2.1,21.03,-0.33,-0.52,0.036,0.0,21.039016136692325,20.039016136692325,24.838075609837407,14.763525532244785
0.84,-17.9,-19.8,-0.6,21.1,-0.33,-0.5,0.036,0.0,21.10850302603195,20.10850302603195,26.698501830627126,-0.33331987383462547
0.842,-17.0,-16.6,0.9,21.03,-0.36,-0.44,0.034,0.0,21.037682857196987,20.037682857196987,23.777510382712485,9.449221679686161
0.844,-17.1,-19.1,1.8,21.14,-0.3,-0.42,0.034,0.0,21.146299912750695,20.146299912750695,25.69941633578475,12.260706272371863
0.846,-16.8,-17.7,0.5,21.08,-0.3,-0.44,0.035,0.0,21.086725682286474,20.086725682286474,24.408605040026355,5.787443264583089
0.848,-14.4,-20.6,1.1,21.16,-0.36,-0.52,0.037,0.0,21.169449685809028,20.169449685809028,25.158100087248243,3.2012795459868357
0.85,-17.2,-18.4,0.6,21.09,-0.39,-0.5,0.036,0.0,21.099530800470422,20.099530800470422,25.194443831924527,14.66004882238849
0.852,-15.1,-19.1,0.1,21.22,-0.35,-0.47,0.036,0.0,21.22808988109858,20.22808988109858,24.348100541931398,26.75442910955462
0.854,-20.2,-19.1,-0.2,21.2,-0.29,-0.44,0.037,0.0,21.20654851690864,20.20654851690864,27.800899266030946,0.14073147447743395
0.856,-15.6,-18.1,0.5,21.22,-0.37,-0.48,0.035,0.0,21.22865280699649,20.22865280699649,23.900209204105305,5.451290989710287
0.858,-15.4,-20.2,1.1,21.22,-0.39,-0.45,0.035,0.0,21.22835368086748,20.22835368086748,25.42459439204488,-12.648941687109982
0.86,-16.8,-18.3,0.7,21.17,-0.36,-0.46,0.035,0.0,21.17805704024805,20.17805704024805,24.851961693194365,-7.5583702973499385
0.862,-15.3,-21.0,-0.6,21.19,-0.29,-0.51,0.036,0.0,21.198120199678083,20.198120199678083,25.989420924676256,4.7645823843822654
0.864,-21.3,-20.1,-0.5,21.19,-0.3,-0.46,0.036,0.0,21.19711536978558,20.19711536978558,29.290783533391522,14.966045666587888
0.866,-10.7,-18.2,-0.9,21.25,-0.37,-0.45,0.034,0.0,21.257984382344436,20.257984382344436,21.131493084966806,12.553468536321816
0.868,-18.4,-20.6,0.0,21.24,-0.33,-0.45,0.034,0.0,21.247329243930867,20.247329243930867,27.62100649867778,-10.12172154349173
0.87,-9.3,-17.2,-0.3,21.21,-0.34,-0.45,0.037,0.0,21.217497496170466,20.217497496170466,19.55556186868585,0.20884567260418407
0.872,-17.4,-22.1,-0.5,21.24,-0.38,-0.45,0.036,0.0,21.248164626621282,20.248164626621282,28.132187970365905,12.277532937941032
0.874,-15.0,-19.1,-0.4,21.26,-0.31,-0.43,0.036,0.0,21.26660762792223,20.26660762792223,24.28929805490476,4.698915983175539
0.876,-11.4,-21.5,0.3,21.26,-0.32,-0.44,0.034,0.0,21.266960290553985,20.266960290553985,24.337214302380627,-10.075209146068119
0.878,-17.2,-21.0,-1.4,21.22,-0.34,-0.39,0.036,0.0,21.226306791337958,20.226306791337958,27.18087562975115,10.142223789687705
0.88,-10.2,-18.9,0.5,21.3,-0.38,-0.42,0.035,0.0,21.30752918571274,20.30752918571274,21.48255105894083,17.812351624613257
0.882,-16.4,-19.3,-1.4,21.29,-0.37,-0.43,0.034,0.0,21.29755619783641,20.29755619783641,25.365527788713564,-0.25285089698627417
0.884,-9.1,-18.9,0.0,21.3,-0.29,-0.44,0.034,0.0,21.306517782124793,20.306517782124793,20.976653689280376,17.42010100668176
0.886,-12.8,-22.2,0.0,21.36,-0.34,-0.44,0.036,0.0,21.36723660186314,20.36723660186314,25.62576828116574,0.019360237773071276
0.888,-11.4,-19.6,-0.9,21.3,-0.31,-0.43,0.036,0.0,21.306595223075885,20.306595223075885,22.69206909913682,-10.024739970551309
0.89,-8.4,-22.1,-0.3,21.32,-0.38,-0.4,0.036,0.0,21.327137641980933,20.327137641980933,23.64444966583067,10.08767357868419
0.892,-9.4,-19.4,-3.1,21.34,-0.38,-0.39,0.036,0.0,21.34694591739062,20.34694591739062,21.77911843945939,2.652063960151281
0.894,-15.4,-19.0,-0.9,21.33,-0.37,-0.44,0.036,0.0,21.337745897821538,20.337745897821538,24.473863609981976,-5.2064456706430065
0.896,-8.8,-20.3,-1.8,21.32,-0.33,-0.39,0.036,0.0,21.32612013470805,20.32612013470805,22.19842336743761,14.85144544573086
0.898,-8.0,-20.5,-1.8,21.39,-0.36,-0.42,0.037,0.0,21.397151679604463,20.397151679604463,22.079175709251466,7.573940774132097
0.9,-10.6,-20.9,-2.7,21.35,-0.36,-0.38,0.034,0.0,21.356415897804577,20.356415897804577,23.58940440112891,9.766334349347744
0.902,-12.3,-18.7,-2.6,21.43,-0.37,-0.36,0.035,0.0,21.436217017001855,20.436217017001855,22.533086783661044,12.331580612561993
0.904,-9.6,-19.3,-0.3,21.4,-0.33,-0.37,0.036,0.0,21.405742220254826,20.405742220254826,21.557829204258947,7.383111451293189
0.906,-8.8,-18.9,-2.3,21.46,-0.32,-0.38,0.036,0.0,21.465749462807025,20.465749462807025,20.974746720759228,-2.3357476194660194
0.908,-8.3,-19.2,-2.7,21.39,-0.37,-0.37,0.036,0.0,21.39639922977696,20.39639922977696,21.090756269038813,-4.836625251195073
0.91,-11.7,-18.4,-1.6,21.44,-0.35,-0.39,0.036,0.0,21.446402961802246,20.446402961802246,21.86343980255623,-2.2753994427957878
0.912,-7.2,-17.7,-2.9,21.38,-0.4,-0.39,0.036,0.0,21.38729763200578,20.38729763200578,19.327182929749487,-0.033222457339434186
0.914,-3.9,-19.8,-2.1,21.44,-0.33,-0.4,0.036,0.0,21.44627007197289,20.44627007197289,20.2894061026931,9.451117025251733
0.916,-10.5,-18.4,-1.5,21.42,-0.31,-0.35,0.035,0.0,21.425102100106784,20.425102100106784,21.238173179442718,7.402355269245163
0.918,-4.3,-18.4,-3.4,21.47,-0.34,-0.37,0.036,0.0,21.47587949304987,20.47587949304987,19.19921873410478,0.46847202972548985
0.92,-9.3,-18.2,-2.0,21.42,-0.35,-0.42,0.034,0.0,21.426975988225685,20.426975988225685,20.536065835500235,2.89665523579788
0.922,-6.2,-16.3,-3.4,21.48,-0.38,-0.42,0.034,0.0,21.48746611399306,20.48746611399306,17.76766726388132,19.981888647628693
0.924,-6.6,-17.6,-2.9,21.5,-0.4,-0.37,0.037,0.0,21.5069035428162,20.5069035428162,19.019200824430033,4.902947683506682
0.926,-5.7,-17.5,-3.9,21.5,-0.4,-0.38,0.036,0.0,21.507077904727087,20.507077904727087,18.813558940296225,6.9003318188561025
0.928,-5.6,-18.9,-3.5,21.53,-0.28,-0.34,0.037,0.0,21.534504870091627,20.534504870091627,20.020489504505125,-5.204876365439304
0.93,-0.9,-17.2,-2.4,21.48,-0.33,-0.4,0.037,0.0,21.48625839926533,20.48625839926533,17.389939620366714,20.554455807695376
0.932,0.1,-17.3,-3.2,21.61,-0.35,-0.41,0.037,0.0,21.61672269332241,20.61672269332241,17.59374888987563,17.654963348635647
0.934,-6.8,-17.7,-3.9,21.55,-0.38,-0.39,0.036,0.0,21.55687825265987,20.55687825265987,19.358202395883765,2.040858386351829
0.936,0.5,-17.3,-4.9,21.62,-0.33,-0.32,0.036,0.0,21.624886126867814,20.624886126867814,17.987495656705523,-5.256106751097832
0.938,-3.7,-17.5,-3.1,21.53,-0.36,-0.35,0.037,0.0,21.535853825655487,20.535853825655487,18.153512056899626,-14.881253084936361
0.94,-3.7,-17.2,-6.0,21.56,-0.34,-0.34,0.035,0.0,21.56536111452808,20.56536111452808,18.588437266214715,0.013930239976616576
0.942,-2.1,-15.9,-3.9,21.53,-0.32,-0.39,0.034,0.0,21.535909546615393,20.535909546615393,16.505453644174704,8.35068474727359
0.944,-2.0,-16.6,-2.5,21.59,-0.43,-0.44,0.037,0.0,21.598763853517173,20.598763853517173,16.905916124244794,12.65408584823399
0.946,1.2,-16.1,-4.4,21.58,-0.36,-0.39,0.036,0.0,21.58652589000833,20.58652589000833,16.733499335165973,11.742534317966602
0.948,-0.3,-16.8,-4.1,21.64,-0.39,-0.31,0.036,0.0,21.64573399078904,20.64573399078904,17.29566419655516,9.78947855232218
0.95,-3.2,-16.8,-4.7,21.62,-0.37,-0.33,0.036,0.0,21.625683804217616,20.625683804217616,17.73612133472254,-4.976131732001704
0.952,-2.6,-13.8,-3.4,21.62,-0.35,-0.36,0.036,0.0,21.625829463861034,20.625829463861034,14.44852933692561,0.08207770642366086
0.954,-3.0,-14.9,-5.3,21.62,-0.34,-0.38,0.035,0.0,21.62601211504331,20.62601211504331,16.096583488430085,17.665835069172317
0.956,2.0,-16.3,-3.9,21.69,-0.39,-0.36,0.035,0.0,21.696492804137723,20.696492804137723,16.878981011897608,-4.998608694136237
0.958,-3.7,-15.4,-3.6,21.6,-0.38,-0.34,0.037,0.0,21.606017680266767,20.606017680266767,16.24222891108237,-2.9321418667132093
0.96,-2.4,-15.9,-4.8,21.68,-0.35,-0.29,0.037,0.0,21.68476423667087,20.68476423667087,16.781239525136396,10.344847974686672
0.962,-0.2,-13.2,-3.0,21.64,-0.41,-0.39,0.036,0.0,21.647397072165514,20.647397072165514,13.538094400616357,-4.933125870966251
0.964,-4.7,-15.4,-5.2,21.66,-0.32,-0.34,0.036,0.0,21.665031733187007,20.665031733187007,16.92010638264429,7.415557559968875
0.966,2.3,-11.5,-2.7,21.67,-0.42,-0.36,0.037,0.0,21.67705930240539,20.67705930240539,12.034533642813084,2.952110611862736
0.968,-3.9,-16.3,-6.5,21.67,-0.39,-0.38,0.036,0.0,21.676840175634457,20.676840175634457,17.976373382860068,2.18850814597954
0.97,1.9,-12.8,-2.5,21.68,-0.36,-0.35,0.034,0.0,21.685813334989305,20.685813334989305,13.179529581893279,19.658174756000335
0.972,3.0,-14.3,-3.6,21.75,-0.35,-0.34,0.035,0.0,21.75547287465846,20.75547287465846,15.048255712872507,4.842018516499593
0.974,-0.7,-14.6,-2.2,21.7,-0.35,-0.32,0.036,0.0,21.705181409055303,20.705181409055303,14.781407240178453,-10.225432479471237
0.976,4.8,-11.9,-5.2,21.71,-0.31,-0.32,0.037,0.0,21.714571144740574,20.714571144740574,13.845215780189198,-2.4527337875115336
0.978,0.4,-14.9,-3.6,21.69,-0.31,-0.37,0.037,0.0,21.695370473905257,20.695370473905257,15.333949262991581,3.1122248587089416
0.98,1.0,-10.2,-5.9,21.72,-0.41,-0.37,0.037,0.0,21.727020044175408,20.727020044175408,11.825819210524063,17.449162893252833
0.982,-2.0,-13.7,-7.1,21.76,-0.35,-0.32,0.037,0.0,21.76516712547827,20.76516712547827,15.559562975867927,9.458663312265344
0.984,0.4,-10.3,-3.7,21.76,-0.33,-0.32,0.034,0.0,21.76485469742447,20.76485469742447,10.95171219490359,17.83246158369184
0.986,3.3,-12.6,-6.2,21.83,-0.41,-0.34,0.034,0.0,21.836496971813038,20.836496971813038,14.425324953012323,22.536754607489456
0.988,1.6,-11.8,-3.8,21.85,-0.35,-0.31,0.035,0.0,21.855001715854428,20.855001715854428,12.499599993599796,-0.08472120586702658
0.99,6.7,-8.2,-4.7,21.83,-0.4,-0.33,0.034,0.0,21.83615808698957,20.83615808698957,11.585335558368605,7.7404556125520685
0.992,0.1,-12.4,-5.8,21.88,-0.39,-0.33,0.034,0.0,21.885963538304637,20.885963538304637,13.689777207829206,-27.565849713255375
0.994,5.2,-8.5,-5.8,21.72,-0.4,-0.31,0.036,0.0,21.72589468813655,20.72589468813655,11.529527310345381,-4.967194880851821
0.996,0.6,-11.0,-5.4,21.86,-0.37,-0.36,0.036,0.0,21.86609475878123,20.86609475878123,12.268659258452,5.150395344441677
0.998,1.3,-8.9,-4.3,21.74,-0.35,-0.4,0.034,0.0,21.746496269514314,20.746496269514314,9.969453345093703,-12.911927752585143
1.0,9.4,-11.4,-6.6,21.81,-0.34,-0.28,0.037,0.0,21.814447047770887,20.814447047770887,16.18270681931796,7.3714781743383355
1.002,1.8,-10.0,-4.6,21.77,-0.42,-0.29,0.034,0.0,21.775982182211667,20.775982182211667,11.153474794878948,10.060881069485731
1.004,5.1,-7.8,-7.2,21.85,-0.33,-0.31,0.037,0.0,21.85469057204883,20.85469057204883,11.776671855834312,24.759454444797484
1.006,4.3,-9.8,-5.6,21.87,-0.36,-0.3,0.035,0.0,21.875019999990858,20.875019999990858,12.078493283518437,12.657104181618706
1.008,7.9,-5.0,-5.9,21.9,-0.37,-0.31,0.035,0.0,21.905318988775306,20.905318988775306,11.055315463612967,8.16532533110967
1.01,8.7,-9.8,-6.9,21.9,-0.47,-0.34,0.034,0.0,21.907681301315296,20.907681301315296,14.810131667206745,5.57514526828254
1.012,9.7,-8.3,-6.7,21.92,-0.46,-0.35,0.034,0.0,21.927619569848435,20.927619569848435,14.417697458332242,-0.6727505747394389
1.014,11.7,-7.8,-7.9,21.9,-0.35,-0.31,0.035,0.0,21.90499029901634,20.90499029901634,16.128856128070584,1.7287112718231583
1.016,14.9,-7.2,-2.4,21.93,-0.33,-0.3,0.034,0.0,21.93453441493573,20.93453441493573,16.72154299100415,5.123718088610076
1.018,8.5,-6.5,-7.5,21.92,-0.38,-0.31,0.035,0.0,21.92548517137078,20.92548517137078,13.06713434537198,-7.12582048373406
1.02,5.1,-7.9,-7.7,21.9,-0.41,-0.31,0.036,0.0,21.90603113300079,20.90603113300079,12.153600289626116,18.206531863487726
1.022,5.9,-7.1,-8.8,21.99,-0.5,-0.34,0.037,0.0,21.99831129882473,20.99831129882473,12.75382295627472,15.251952936372618
1.024,3.5,-4.9,-7.1,21.96,-0.44,-0.34,0.036,0.0,21.967038944746285,20.967038944746285,9.30967238950974,-3.010714227133576
1.026,6.2,-5.4,-7.4,21.98,-0.4,-0.34,0.034,0.0,21.986268441916195,20.986268441916195,11.061645447219867,12.021918276112956
1.028,10.5,-6.8,-8.7,22.01,-0.36,-0.31,0.036,0.0,22.015126617850736,21.015126617850736,15.23745385554949,14.696356277008817
1.03,10.2,-6.2,-5.3,22.04,-0.38,-0.28,0.037,0.0,22.04505386702423,21.04505386702423,13.060245020672468,7.464234626279904
1.032,8.8,-4.7,-7.6,22.04,-0.39,-0.26,0.036,0.0,22.044983556355856,21.044983556355856,12.541531007018243,-6.866360805215663
1.034,10.9,-5.5,-10.7,22.01,-0.46,-0.35,0.037,0.0,22.017588423803367,21.017588423803367,16.23422311045404,-6.990149209138508
1.036,11.4,-2.9,-4.6,22.01,-0.44,-0.34,0.034,0.0,22.017022959519302,21.017022959519302,12.63051859584554,-0.874938284030577
1.038,8.6,-2.6,-7.1,22.01,-0.3,-0.3,0.034,0.0,22.014088670667245,21.014088670667245,11.451200810395388,2.1394057667348534
1.04,10.2,-3.3,-5.1,22.02,-0.37,-0.33,0.035,0.0,22.02558058258624,21.02558058258624,11.871815362445627,18.03218776608628
1.042,18.0,-2.6,-7.4,22.08,-0.39,-0.35,0.037,0.0,22.08621742173159,21.08621742173159,19.63466322603981,0.2423265319021084
1.044,11.4,-4.0,-8.6,22.02,-0.47,-0.26,0.036,0.0,22.02654988871385,21.02654988871385,14.829699929533302,2.5847177621280935
1.046,14.1,-2.9,-7.4,22.09,-0.44,-0.31,0.037,0.0,22.096556292780104,21.096556292780104,16.185796242384864,12.770897384348245
1.048,9.0,-3.3,-8.4,22.07,-0.43,-0.39,0.036,0.0,22.077633478251244,21.077633478251244,12.7455874717488,-15.167413257029693
1.05,11.2,-1.6,-4.1,22.03,-0.37,-0.35,0.036,0.0,22.035886639751986,21.035886639751986,12.033702672078947,7.0326189939296455
1.052,8.6,-3.1,-7.2,22.1,-0.42,-0.28,0.037,0.0,22.105763954226962,21.105763954226962,11.636580253665594,20.14841019974665
1.054,11.6,-0.5,-4.6,22.11,-0.45,-0.29,0.034,0.0,22.11648028055097,21.11648028055097,12.48879497789919,-2.2000904785254534
1.056,11.7,-0.2,-5.4,22.09,-0.46,-0.31,0.035,0.0,22.096963592312857,21.096963592312857,12.887590930814028,29.73210454724358
1.058,13.8,1.1,-7.4,22.23,-0.38,-0.31,0.034,0.0,22.235408698739946,21.235408698739946,15.697452022541748,-2.7454031964161913
1.06,8.8,-0.5,-5.8,22.08,-0.41,-0.31,0.035,0.0,22.085981979527194,21.085981979527194,10.551303237041385,-15.073003397586945
1.062,10.5,1.9,-7.6,22.17,-0.37,-0.3,0.035,0.0,22.175116685149597,21.175116685149597,13.100381673829203,7.18031854767014
1.064,15.9,0.7,-7.7,22.11,-0.36,-0.28,0.036,0.0,22.114703253717874,21.114703253717874,17.68021493082027,-9.901123299713618
1.066,12.5,-0.2,-7.8,22.13,-0.42,-0.26,0.036,0.0,22.135512191950742,21.135512191950742,14.735331689514153,18.3098544806262
1.068,18.8,2.9,-6.7,22.18,-0.5,-0.32,0.036,0.0,22.18794267164038,21.18794267164038,20.167796111623105,0.3083194921800896
1.07,11.9,-0.4,-7.2,22.13,-0.45,-0.31,0.036,0.0,22.136745469919465,21.136745469919465,13.914381049834736,2.425336872304797
1.072,14.3,2.7,-6.8,22.19,-0.48,-0.33,0.036,0.0,22.197644019129598,21.197644019129598,16.06300096495048,14.980799762440256
1.074,10.9,1.6,-7.4,22.19,-0.44,-0.32,0.037,0.0,22.196668668969224,21.196668668969224,13.271397816356798,4.685456389299361
1.076,14.2,3.9,-5.9,22.21,-0.41,-0.34,0.035,0.0,22.216385844686798,21.216385844686798,15.863795258386311,10.58215264613682
1.078,10.9,3.3,-6.9,22.23,-0.49,-0.4,0.035,0.0,22.23899727955377,21.23899727955377,13.315780112332886,20.409682873708334
1.08,15.8,3.8,-3.9,22.29,-0.47,-0.37,0.037,0.0,22.29802457618163,21.29802457618163,16.71197175679758,-3.203067943805763
1.082,16.7,2.7,-6.7,22.22,-0.43,-0.3,0.037,0.0,22.22618500777855,21.22618500777855,18.195329070945654,-2.9971473731411606
1.084,19.1,3.5,-6.5,22.28,-0.43,-0.29,0.035,0.0,22.286035986689065,21.286035986689065,20.47706033589783,2.632531832692621
1.086,17.4,6.1,-6.5,22.23,-0.45,-0.31,0.035,0.0,22.23671513510932,21.23671513510932,19.550447565209343,5.302928612644791
1.088,14.9,4.3,-4.6,22.3,-0.47,-0.32,0.034,0.0,22.307247701139644,21.307247701139644,16.17590801160788,-9.804382099245231
1.09,16.5,4.8,-6.2,22.19,-0.48,-0.32,0.035,0.0,22.19749760671234,21.19749760671234,18.268278517692902,7.186418196218256
1.092,18.3,4.8,-4.4,22.33,-0.39,-0.34,0.036,0.0,22.335993373924516,21.335993373924516,19.423954283306994,19.803051052255796
1.094,23.4,4.8,-5.1,22.27,-0.42,-0.35,0.034,0.0,22.27670981092136,21.27670981092136,24.42560132320185,-29.47259864926309
1.096,16.7,5.0,-5.7,22.21,-0.48,-0.36,0.037,0.0,22.218102979327465,21.218102979327465,18.340665200586372,17.503695321694977
1.098,24.0,4.2,-5.1,22.34,-0.43,-0.34,0.036,0.0,22.34672459220814,21.34672459220814,24.892770034690795,20.329634458254986
1.1,9.5,6.2,-7.2,22.29,-0.51,-0.4,0.037,0.0,22.299421517160486,21.299421517160486,13.436145280548287,-9.356520598474162
1.102,23.7,6.0,-5.3,22.3,-0.52,-0.38,0.036,0.0,22.309298509814244,21.309298509814244,25.015595135834765,17.11710365362069
1.104,15.8,6.4,-5.5,22.36,-0.48,-0.35,0.036,0.0,22.367889931774968,21.367889931774968,17.912286286233815,-0.4908483276312836
1.106,14.2,7.3,-5.0,22.3,-0.46,-0.34,0.036,0.0,22.30733511650372,21.30733511650372,16.731108749870703,-2.4594227568350107
1.108,23.2,5.5,-7.2,22.35,-0.48,-0.36,0.036,0.0,22.35805224074763,21.35805224074763,24.906424873915565,17.52554522927312
1.11,16.0,8.4,-7.5,22.37,-0.48,-0.32,0.036,0.0,22.377437297420812,21.377437297420812,19.565530915362352,19.50534769873684
1.112,22.3,6.9,-5.8,22.43,-0.42,-0.31,0.037,0.0,22.436073631542573,21.436073631542573,24.0528584579879,2.857618018926587
1.114,16.7,7.5,-5.6,22.38,-0.51,-0.37,0.034,0.0,22.388867769496517,21.388867769496517,19.144189719076646,-4.7443692611941515
1.116,18.5,8.1,-8.6,22.41,-0.45,-0.34,0.036,0.0,22.4170961544978,21.4170961544978,21.950398629637686,-8.17688615696261
1.118,19.5,7.4,-9.5,22.35,-0.45,-0.27,0.036,0.0,22.35616022486867,21.35616022486867,22.918551437645444,13.076871724662851
1.12,18.4,9.5,-2.9,22.46,-0.52,-0.39,0.037,0.0,22.46940364139645,21.46940364139645,20.909806311871947,18.257644101588994
1.122,18.1,6.4,-9.5,22.42,-0.51,-0.39,0.037,0.0,22.429190801275023,21.429190801275023,21.42008403344861,-5.386013808863936
1.124,24.2,10.2,-6.0,22.44,-0.42,-0.42,0.037,0.0,22.447859586160995,21.447859586160995,26.938448359176146,17.047817161479543
1.126,24.7,8.5,-5.5,22.49,-0.45,-0.36,0.036,0.0,22.497382069920935,21.497382069920935,26.694381431304976,12.951769509127189
1.128,20.5,10.4,-7.6,22.49,-0.5,-0.43,0.035,0.0,22.499666664197495,21.499666664197495,24.210947936832213,13.05525769975975
1.13,21.4,10.9,-4.6,22.54,-0.53,-0.39,0.037,0.0,22.549603100719974,21.549603100719974,24.45260722295273,10.104962125623388
1.132,25.2,8.5,-8.6,22.53,-0.55,-0.39,0.034,0.0,22.54008651269999,21.54008651269999,27.95084971874737,-15.51052367205466
1.134,18.7,7.5,-3.6,22.48,-0.5,-0.3,0.037,0.0,22.487561006031758,21.487561006031758,20.467046684854168,-0.5773343692635535
1.136,21.2,9.7,-6.5,22.53,-0.47,-0.36,0.036,0.0,22.537777175222935,21.537777175222935,24.20289238913399,0.11117147302593366
1.138,20.7,9.6,-2.4,22.48,-0.48,-0.36,0.037,0.0,22.48800569192386,21.48800569192386,22.94362656599867,-12.079911270570847
1.14,18.0,10.7,-6.2,22.48,-0.53,-0.38,0.034,0.0,22.48945753014065,21.48945753014065,21.838727069131114,-15.254928800939524
1.142,17.9,8.0,-4.4,22.42,-0.42,-0.37,0.036,0.0,22.4269859767201,21.4269859767201,20.094028963848938,6.913435267046225
1.144,19.1,8.9,-6.8,22.51,-0.39,-0.41,0.037,0.0,22.517111271208837,21.517111271208837,22.14181564370908,22.570182824387302
1.146,23.5,11.6,-2.0,22.51,-0.46,-0.34,0.037,0.0,22.51726670801765,21.51726670801765,26.283264637407584,-8.942529761112382
1.148,22.3,10.9,0.4,22.47,-0.57,-0.43,0.035,0.0,22.481341152164386,21.481341152164386,24.824584588669353,10.3835588237298
1.15,22.8,10.9,-5.8,22.55,-0.51,-0.37,0.034,0.0,22.55880094331257,21.55880094331257,25.92855568673273,27.10993081671768
1.152,19.3,10.3,0.4,22.58,-0.47,-0.47,0.036,0.0,22.58978087543126,21.58978087543126,21.880127970375312,-0.0144068124864134
1.154,27.7,11.8,-7.4,22.55,-0.5,-0.38,0.036,0.0,22.558743316062625,21.558743316062625,31.00467706653304,10.342003192869925
1.156,21.8,8.5,0.4,22.62,-0.58,-0.41,0.037,0.0,22.631148888202738,21.631148888202738,23.401922997907672,15.308644898531384
1.158,24.6,12.7,0.0,22.61,-0.48,-0.47,0.036,0.0,22.61997789565675,21.61997789565675,27.684833393033088,4.302167035291859
1.16,24.3,10.6,-0.9,22.64,-0.43,-0.44,0.037,0.0,22.648357556343903,21.648357556343903,26.526590432997605,2.7927481364968116
1.162,22.4,12.3,3.2,22.62,-0.58,-0.41,0.036,0.0,22.631148888202738,21.631148888202738,25.75441709687874,-12.163504616340106
1.164,26.8,11.1,-0.5,22.59,-0.52,-0.41,0.037,0.0,22.599703537878543,21.599703537878543,29.01206645518378,-2.6286256893063182
1.166,21.6,10.8,0.4,22.61,-0.51,-0.47,0.037,0.0,22.620634385445513,21.620634385445513,24.152846623120844,-0.3185972327610216
1.168,21.4,11.9,-2.5,22.59,-0.47,-0.4,0.035,0.0,22.5984291489475,21.5984291489475,24.613410978570197,9.517585910649359
1.17,24.2,10.5,1.7,22.65,-0.5,-0.38,0.034,0.0,22.65870472908811,21.65870472908811,26.434447223272894,30.027934324452872
1.172,21.5,11.6,1.5,22.71,-0.46,-0.42,0.034,0.0,22.71854088624531,21.71854088624531,24.47570223711671,-7.481095482108685
1.174,22.8,11.6,0.2,22.62,-0.47,-0.42,0.035,0.0,22.628780347159676,21.628780347159676,25.582024939398366,8.251029059370921
1.176,29.6,10.3,3.0,22.74,-0.56,-0.46,0.035,0.0,22.751545002482796,21.751545002482796,31.48412298286233,-7.525295554328295
1.178,25.1,10.9,-0.3,22.59,-0.49,-0.39,0.037,0.0,22.59867916494236,21.59867916494236,27.366220053196972,-14.905332267456288
1.18,26.5,11.6,0.9,22.68,-0.51,-0.53,0.036,0.0,22.69192367341297,21.69192367341297,28.94166546693538,7.885997265306287
1.182,24.5,9.7,-1.8,22.62,-0.51,-0.45,0.035,0.0,22.630223154003588,21.630223154003588,26.411739813953947,19.818261312240793
1.184,24.7,10.5,3.7,22.76,-0.57,-0.43,0.037,0.0,22.771196718661933,21.771196718661933,27.092988022733852,42.47107547088672
1.186,23.0,10.0,0.7,22.79,-0.48,-0.48,0.036,0.0,22.800107455887133,21.800107455887133,25.089639295932496,-12.703449838389133
1.188,21.6,10.6,1.7,22.71,-0.51,-0.46,0.037,0.0,22.720382919308378,21.720382919308378,24.12073796549351,12.593484869893473
1.19,24.6,9.1,-0.7,22.84,-0.55,-0.42,0.036,0.0,22.850481395366707,21.850481395366707,26.23852129979889,-0.4252948458533865
1.192,24.2,8.5,0.2,22.71,-0.5,-0.38,0.036,0.0,22.718681739924964,21.718681739924964,25.65014619841376,4.9031535149160845
1.194,22.0,11.3,1.1,22.86,-0.5,-0.46,0.035,0.0,22.87009400942637,21.87009400942637,24.756817242933312,5.380686160942787
1.196,28.4,9.9,-1.4,22.73,-0.52,-0.44,0.037,0.0,22.740204484568736,21.740204484568736,30.108636634693376,-14.922670280056991
1.198,26.6,12.0,3.5,22.8,-0.53,-0.44,0.035,0.0,22.810403328306144,21.810403328306144,29.390644770062465,19.724290738638047
1.2,26.6,9.4,-0.6,22.81,-0.48,-0.43,0.036,0.0,22.819101647523286,21.819101647523286,28.218433691471965,2.42491282593528
1.202,20.2,10.4,4.1,22.81,-0.49,-0.47,0.036,0.0,22.820102979609885,21.820102979609885,23.087009334255484,7.7459228714615165
1.204,23.7,12.6,1.8,22.84,-0.48,-0.48,0.035,0.0,22.850085339009134,21.850085339009134,26.901486947750676,15.379616608197466
1.206,24.8,10.1,-0.6,22.87,-0.54,-0.49,0.037,0.0,22.881621446042676,21.881621446042676,26.784510449138324,-4.887192658030472
1.208,26.1,11.1,3.0,22.82,-0.47,-0.51,0.037,0.0,22.83053656837701,21.83053656837701,28.520518929360314,-7.6143404772547
1.21,23.4,11.6,-0.4,22.84,-0.5,-0.51,0.035,0.0,22.851164084133657,21.851164084133657,26.120490041344933,2.3893911322084023
1.212,19.0,10.8,3.1,22.83,-0.47,-0.49,0.037,0.0,22.840094132905843,21.840094132905843,22.073740054644116,-2.2711235109482004
1.214,27.9,9.8,-0.6,22.83,-0.51,-0.54,0.037,0.0,22.842079590089863,21.842079590089863,29.577187154967934,12.240551032495205
1.216,21.5,8.8,2.3,22.88,-0.44,-0.47,0.037,0.0,22.889056337035825,21.889056337035825,23.34480670299071,17.156878448748103
1.218,24.9,10.2,1.8,22.9,-0.51,-0.48,0.037,0.0,22.910707103884857,21.910707103884857,26.96831474156292,10.539004108897643
1.22,26.7,9.6,3.5,22.92,-0.55,-0.46,0.037,0.0,22.931212353471416,21.931212353471416,28.588459209967926,-10.509098703037125
1.222,24.4,10.4,2.0,22.86,-0.43,-0.46,0.037,0.0,22.868670709072706,21.868670709072706,26.599248109674075,-10.440704701471986
1.224,24.7,7.9,0.7,22.88,-0.46,-0.47,0.037,0.0,22.889449534665527,21.889449534665527,25.942050805593606,-1.8215591402458813
1.226,34.0,10.9,6.4,22.85,-0.5,-0.52,0.037,0.0,22.861384472511723,21.861384472511723,36.27354407829486,7.599439941172022
1.228,27.8,8.3,1.4,22.91,-0.48,-0.47,0.037,0.0,22.919847294430216,21.919847294430216,29.046342282635177,10.052339621537612
1.23,29.6,10.1,7.2,22.89,-0.5,-0.53,0.037,0.0,22.901593830997875,21.901593830997875,32.0937688656225,-7.213358053612865
1.232,21.0,9.2,1.0,22.88,-0.46,-0.54,0.037,0.0,22.890993862215765,21.890993862215765,22.948638303829707,12.77960675846316
1.234,25.6,9.7,-1.7,22.94,-0.53,-0.55,0.036,0.0,22.952712258031728,21.952712258031728,27.42881696318673,-2.6774432675920252
1.236,28.2,10.2,4.7,22.87,-0.48,-0.49,0.037,0.0,22.8802840891454,21.8802840891454,30.35407715612517,-3.15681345750545
1.238,25.5,9.0,1.5,22.93,-0.45,-0.51,0.035,0.0,22.940085004201705,21.940085004201705,27.08320512790168,15.549040095746932
1.24,25.3,9.3,7.4,22.93,-0.54,-0.53,0.036,0.0,22.942480249528383,21.942480249528383,27.952459641326737,5.369632852863106
1.242,23.2,7.8,4.9,22.95,-0.53,-0.5,0.036,0.0,22.96156353561316,21.96156353561316,24.961770770520268,9.82650424786425
1.244,31.6,9.2,9.1,22.97,-0.54,-0.5,0.037,0.0,22.98178626651984,21.98178626651984,34.14688858446696,7.4157629838518915
1.246,29.4,9.8,7.4,22.98,-0.45,-0.56,0.034,0.0,22.991226587548564,21.991226587548564,31.861575604480073,27.599639663558264
1.248,25.2,8.2,2.1,23.08,-0.51,-0.55,0.037,0.0,23.092184825174076,22.092184825174076,26.58364158650955,-0.08318450657861831
1.25,23.0,8.5,4.1,22.98,-0.48,-0.52,0.037,0.0,22.99089384952225,21.99089384952225,24.860812537002886,2.494352823004192
1.252,26.0,5.6,-0.4,23.09,-0.53,-0.53,0.037,0.0,23.102162236466093,22.102162236466093,26.59924810967408,7.827662403231443
1.254,30.5,6.3,6.7,23.01,-0.53,-0.53,0.036,0.0,23.022204499135178,22.022204499135178,31.85639653193688,-5.534601580603521
1.256,28.5,6.5,2.8,23.07,-0.45,-0.51,0.034,0.0,23.080023830143677,22.080023830143677,29.365626163935275,17.26556206847272
1.258,19.8,10.2,2.9,23.08,-0.51,-0.51,0.037,0.0,23.09126674740907,22.09126674740907,22.460854836804412,10.42330853074509
1.26,25.5,8.8,2.6,23.11,-0.44,-0.59,0.035,0.0,23.121717064266658,22.121717064266658,27.100737997331365,5.17874841765024
1.262,24.0,7.7,6.3,23.1,-0.49,-0.56,0.034,0.0,23.111981741079667,22.111981741079667,25.980377210502546,5.28050024550339
1.264,32.2,7.9,1.2,23.13,-0.54,-0.55,0.036,0.0,23.142839065248673,22.142839065248673,33.17664841420845,14.763514487961402
1.266,26.3,4.1,3.9,23.16,-0.48,-0.53,0.036,0.0,23.171035799031515,22.171035799031515,26.90185867184645,-7.694860654689364
1.268,33.1,8.5,1.6,23.1,-0.47,-0.58,0.036,0.0,23.112059622629914,22.112059622629914,34.21140160823582,-4.4874029142092695
1.27,24.0,2.9,2.8,23.14,-0.57,-0.53,0.035,0.0,23.153086187374676,22.153086187374676,24.336187047275914,22.403721476256578
1.272,33.1,6.2,4.1,23.19,-0.5,-0.54,0.034,0.0,23.20167450853494,22.20167450853494,33.924327554131416,2.8644600206143878
1.274,24.2,5.5,0.8,23.15,-0.56,-0.6,0.034,0.0,23.164544027457133,22.164544027457133,24.830022150614365,-20.036394962578925
1.276,21.9,5.3,2.5,23.11,-0.43,-0.59,0.038,0.0,23.121528928684626,22.121528928684626,22.670465367962784,-8.333377515778011
1.278,34.4,6.0,2.1,23.12,-0.44,-0.57,0.037,0.0,23.131210517394024,22.131210517394024,34.982424158425616,14.940774357471128
1.28,19.3,1.6,2.4,23.17,-0.47,-0.55,0.034,0.0,23.18129202611451,22.18129202611451,19.5143536915779,15.1716936370658
1.282,33.2,7.0,5.0,23.18,-0.51,-0.54,0.034,0.0,23.191897291942286,22.191897291942286,34.296355491509594,12.138250337404315
1.284,36.0,3.4,1.8,23.22,-0.42,-0.53,0.037,0.0,23.229845027464126,22.229845027464126,36.204972034238615,2.416288861186331
1.286,26.6,1.9,3.0,23.19,-0.42,-0.6,0.034,0.0,23.20156244738703,22.20156244738703,26.835983306001665,0.5273149202457716
1.288,27.2,5.4,-0.8,23.22,-0.48,-0.57,0.037,0.0,23.231954287145108,22.231954287145108,27.742386342922988,5.329627710088971
1.29,27.0,4.2,3.6,23.21,-0.5,-0.59,0.035,0.0,23.222880958227385,22.222880958227385,27.560841786854045,-7.616816458865287
1.292,25.3,7.8,4.4,23.19,-0.48,-0.55,0.037,0.0,23.20148702130965,22.20148702130965,26.838219016916902,-2.5179985523172945
1.294,27.3,3.3,3.1,23.2,-0.53,-0.56,0.036,0.0,23.21280896401812,22.21280896401812,27.672910941930198,2.9397992937947492
1.296,25.9,4.1,2.3,23.2,-0.48,-0.62,0.034,0.0,23.213246218484826,22.213246218484826,26.323183698025584,9.663876497231286
1.298,30.4,3.2,3.9,23.24,-0.43,-0.59,0.035,0.0,23.251464470007043,22.251464470007043,30.815742729974886,24.843170504062073
1.3,26.7,3.8,6.0,23.3,-0.49,-0.59,0.035,0.0,23.312618900501075,22.312618900501075,27.62842738919463,0.27954556225631677
1.302,25.2,3.2,0.2,23.24,-0.51,-0.57,0.034,0.0,23.25258265225607,22.25258265225607,25.40314941104744,-5.384229046962901
1.304,27.9,2.3,6.7,23.28,-0.45,-0.56,0.037,0.0,23.291081984313223,22.291081984313223,28.785239272932923,7.672041520107086
1.306,25.9,4.6,1.1,23.27,-0.47,-0.63,0.037,0.0,23.283270818336497,22.283270818336497,26.328311757497858,-7.406148077399848
1.308,30.7,1.5,3.6,23.25,-0.48,-0.55,0.036,0.0,23.261457392003624,22.261457392003624,30.946728421595715,17.24276101573105
1.31,24.8,3.4,7.1,23.34,-0.46,-0.6,0.036,0.0,23.35224186239942,22.35224186239942,26.019415827416264,7.61652522888744
1.312,32.2,0.5,1.4,23.28,-0.48,-0.57,0.037,0.0,23.291923492919175,22.291923492919175,32.23429850330235,-22.77349933585174
1.314,34.9,0.5,5.1,23.25,-0.44,-0.57,0.037,0.0,23.261147865056014,22.261147865056014,35.27421154327904,14.332828294221144
1.316,29.7,3.9,5.6,23.34,-0.36,-0.55,0.037,0.0,23.34925480609606,22.34925480609606,30.47392327876409,2.8339718052639
1.318,38.5,-2.6,5.3,23.26,-0.47,-0.6,0.037,0.0,23.27248375227707,22.27248375227707,38.94996790756059,-19.35551157455302
1.32,35.4,-0.5,-0.3,23.26,-0.45,-0.59,0.037,0.0,23.271832759797846,22.271832759797846,35.404801934200954,9.660050437420978
1.322,17.1,-0.1,2.3,23.3,-0.44,-0.57,0.035,0.0,23.311123954026755,22.311123954026755,17.25427483263206,7.583093914210622
1.324,39.3,1.7,7.0,23.29,-0.48,-0.58,0.037,0.0,23.30216513545469,22.30216513545469,39.954724376473926,0.17212558062328753
1.326,26.8,1.1,2.7,23.3,-0.45,-0.59,0.036,0.0,23.311812456349248,22.311812456349248,26.958115661151098,-5.256711783026731
1.328,27.4,0.0,8.8,23.27,-0.44,-0.57,0.034,0.0,23.281138288322584,22.281138288322584,28.77846417027844,9.895911881071697
1.33,38.4,1.1,3.6,23.34,-0.4,-0.61,0.037,0.0,23.351396103873533,22.351396103873533,38.58406406795427,19.768402850319035
1.332,11.6,-3.0,5.2,23.35,-0.39,-0.57,0.036,0.0,23.360211899723858,22.360211899723858,13.061393493804557,-20.01545151818209
1.334,29.9,-1.2,2.1,23.26,-0.45,-0.57,0.035,0.0,23.271334297800806,22.271334297800806,29.997666575918867,-7.165075270969282
1.336,26.0,-3.5,8.8,23.32,-0.45,-0.58,0.037,0.0,23.331551598639983,22.331551598639983,27.671104061818713,37.57044662298176
1.338,32.6,2.2,2.9,23.41,-0.48,-0.56,0.037,0.0,23.421616084292733,22.421616084292733,32.80259136104951,7.4347583786857285
1.34,31.2,-2.0,2.8,23.35,-0.45,-0.57,0.035,0.0,23.361290632154724,22.361290632154724,31.38917010690152,9.770209075482853
1.342,15.7,-3.8,4.8,23.45,-0.47,-0.53,0.035,0.0,23.460696920594664,22.460696920594664,16.851409436602033,-2.257374916198387
1.344,30.9,7.4,0.8,23.34,-0.54,-0.53,0.037,0.0,23.352261132489932,22.352261132489932,31.783800905492722,2.3326935796740145
1.346,24.7,-6.8,10.4,23.46,-0.41,-0.55,0.037,0.0,23.47002769491336,22.47002769491336,27.649412290318214,27.343376979556524
1.348,39.9,0.0,6.8,23.45,-0.47,-0.57,0.035,0.0,23.461634640408157,22.461634640408157,40.475301110677364,10.796402912775193
1.35,31.0,-6.6,-1.1,23.5,-0.46,-0.64,0.037,0.0,23.51321330656446,22.51321330656446,31.713877088744606,10.158333814377329
1.352,23.4,1.2,5.2,23.49,-0.49,-0.58,0.037,0.0,23.502267975665667,22.502267975665667,24.000833318866242,-17.89698407407468
1.354,28.4,-2.5,-0.3,23.43,-0.43,-0.6,0.037,0.0,23.441625370268163,22.441625370268163,28.51140122828059,-2.684396758526418
1.356,20.9,-6.1,5.6,23.48,-0.5,-0.54,0.037,0.0,23.49153038863156,22.49153038863156,22.480658353348996,19.6159788191635
1.358,32.4,1.1,-1.0,23.51,-0.44,-0.53,0.035,0.0,23.520089285544817,22.520089285544817,32.4340870073446,-8.309402968905488
1.36,33.3,-7.4,5.5,23.45,-0.41,-0.47,0.036,0.0,23.45829277675594,22.45829277675594,34.55285805834301,-4.69360717795189
1.362,29.9,0.6,3.0,23.49,-0.49,-0.54,0.037,0.0,23.50131485683301,22.50131485683301,30.056114186634304,-6.91314515916747
1.364,31.4,-6.1,10.0,23.42,-0.43,-0.56,0.037,0.0,23.43064019611927,22.43064019611927,33.51372853026055,-9.840136945485938
1.366,37.0,-3.7,0.1,23.45,-0.42,-0.62,0.037,0.0,23.461954309051066,22.461954309051066,37.184674262389336,-0.2758205537647882
1.368,27.9,-2.1,3.7,23.42,-0.42,-0.52,0.034,0.0,23.42953691390421,22.42953691390421,28.22250874745192,27.529537421763052
1.37,38.4,-7.6,7.9,23.56,-0.47,-0.59,0.034,0.0,23.572072458738116,22.572072458738116,39.934070666537366,20.785129410805894
1.372,30.5,-2.6,-1.6,23.5,-0.46,-0.62,0.034,0.0,23.512677431547434,22.512677431547434,30.65240610457848,-10.640831646659535
1.374,28.1,-12.3,5.3,23.52,-0.35,-0.57,0.035,0.0,23.529509132151478,22.529509132151478,31.128604208990804,19.877458644866238
1.376,41.4,-0.5,2.8,23.58,-0.5,-0.57,0.035,0.0,23.592187266126892,22.592187266126892,41.4975902914856,0.3352078119123689
1.378,30.3,-8.6,6.3,23.52,-0.49,-0.52,0.037,0.0,23.53084996339911,22.53084996339911,32.12070983026371,4.124394133044007
1.38,37.9,-0.9,5.2,23.6,-0.4,-0.5,0.037,0.0,23.608684842659066,22.608684842659066,38.26565039300913,19.387241448889654
1.382,39.6,-4.7,-2.7,23.6,-0.34,-0.53,0.036,0.0,23.608398929194667,22.608398929194667,39.969238171373746,15.419620915260566
1.384,29.3,-6.4,7.0,23.66,-0.51,-0.48,0.034,0.0,23.67036332632011,22.67036332632011,30.796915429958243,20.982235731151377
1.386,46.4,-9.9,3.7,23.68,-0.56,-0.52,0.036,0.0,23.692327872119275,22.692327872119275,47.588443975402264,-20.48507960304687
1.388,30.6,-7.9,6.3,23.58,-0.42,-0.47,0.037,0.0,23.588423007907924,22.588423007907924,32.22514546126984,-12.572789456452483
1.39,35.6,-1.4,-2.6,23.63,-0.47,-0.59,0.035,0.0,23.642036714293464,22.642036714293464,35.722261966454475,-6.8670046934712445
1.392,36.9,-8.4,0.2,23.55,-0.45,-0.56,0.036,0.0,23.560954989134036,22.560954989134036,37.844550466348515,-27.214502118684322
1.394,15.8,-0.5,-1.5,23.52,-0.51,-0.6,0.035,0.0,23.533178705818727,22.533178705818727,15.878916839633616,12.401022344991361
1.396,43.6,-8.4,0.4,23.6,-0.43,-0.56,0.034,0.0,23.610559078514,22.610559078514,44.403603457377194,24.65388882582556
1.398,32.6,-10.2,2.8,23.62,-0.47,-0.58,0.036,0.0,23.631794261122028,22.631794261122028,34.27302146003471,-0.03811866136129538
1.4,35.2,-7.7,-4.2,23.6,-0.52,-0.47,0.037,0.0,23.610406603868558,22.610406603868558,36.27630080369276,9.48964732467357
1.402,41.8,-6.3,3.8,23.66,-0.46,-0.5,0.037,0.0,23.669752850420725,22.669752850420725,42.4425494050487,11.441488036835835
1.404,41.9,-2.3,-1.1,23.65,-0.34,-0.42,0.036,0.0,23.6561725560159,22.6561725560159,41.977493969983485,-17.23376699484288
1.406,32.4,-9.8,-0.3,23.59,-0.49,-0.52,0.034,0.0,23.600817782441354,22.600817782441354,33.85099703110678,1.1032032262819484
1.408,29.8,-5.7,-5.2,23.65,-0.52,-0.48,0.037,0.0,23.66058536892103,22.66058536892103,30.782624969290712,14.740080756751013
1.41,36.1,-1.2,0.7,23.65,-0.45,-0.51,0.036,0.0,23.659778105468355,22.659778105468355,36.12672141227322,11.862283543792728
1.412,37.9,-10.3,-0.2,23.7,-0.4,-0.47,0.035,0.0,23.7080345030962,22.7080345030962,39.2751830040294,30.089640902262545
1.414,38.7,-6.2,-3.9,23.77,-0.46,-0.52,0.035,0.0,23.780136669077407,22.780136669077407,39.38705371057856,1.0707427904426368
1.416,31.2,-10.0,-5.5,23.7,-0.56,-0.52,0.036,0.0,23.71231747425797,22.71231747425797,33.221830172343005,-6.959984506055662
1.418,33.1,-4.0,-2.7,23.74,-0.52,-0.56,0.035,0.0,23.752296731053185,22.752296731053185,33.44996263077135,-1.1424488731754536
1.42,42.2,-7.7,-6.2,23.7,-0.37,-0.48,0.036,0.0,23.70774767876527,22.70774767876527,43.34247339504288,19.664482200115344
1.422,27.0,-3.9,-6.2,23.82,-0.48,-0.54,0.036,0.0,23.830954659853646,22.830954659853646,27.975882470442286,-4.116117911137735
1.424,42.5,-9.1,5.7,23.68,-0.56,-0.47,0.037,0.0,23.691283207120716,22.691283207120716,43.83548790648965,-8.01125524118197
1.426,23.6,-9.0,-11.0,23.79,-0.44,-0.48,0.037,0.0,23.79890963888892,22.79890963888892,27.54922866433832,4.765658997934224
1.428,41.9,-8.3,0.2,23.7,-0.48,-0.51,0.037,0.0,23.710345843112453,22.710345843112453,42.714634494514875,11.998955182486498
1.43,23.3,-9.3,-6.4,23.84,-0.38,-0.43,0.037,0.0,23.846905459618863,22.846905459618863,25.890925051067605,17.1764655293764
1.432,42.8,-0.7,0.4,23.77,-0.4,-0.52,0.037,0.0,23.77905170522996,22.77905170522996,42.80759278445822,-12.307275615409708
1.434,26.9,-11.1,-4.5,23.79,-0.38,-0.47,0.035,0.0,23.797676357157226,22.797676357157226,29.446052366998195,-14.877809376470395
1.436,48.5,-4.8,-9.3,23.71,-0.5,-0.45,0.034,0.0,23.719540467724077,22.719540467724077,49.6163279576391,10.579862052883072
1.438,31.4,-6.6,0.4,23.83,-0.54,-0.43,0.036,0.0,23.83999580536876,22.83999580536876,32.088627268862716,19.603306454640915
1.44,43.3,-7.3,-10.0,23.79,-0.43,-0.44,0.035,0.0,23.79795369354264,22.79795369354264,45.035319472609494,4.865883672935524
1.442,30.0,-5.9,1.8,23.85,-0.48,-0.47,0.034,0.0,23.8594593400605,22.8594593400605,30.627601930285042,-6.475193550141739
1.444,45.0,-9.1,-5.8,23.76,-0.55,-0.52,0.037,0.0,23.772052919342077,22.772052919342077,46.27580361268726,-5.358773268060759
1.446,36.0,-7.7,-7.9,23.83,-0.48,-0.39,0.037,0.0,23.838024246988255,22.838024246988255,37.652357163927995,11.473523865423886
1.448,42.0,-6.8,-6.2,23.81,-0.44,-0.43,0.037,0.0,23.81794701480377,22.81794701480377,42.9962789087614,0.16779677908834856
1.45,28.2,-4.9,-9.2,23.83,-0.44,-0.47,0.037,0.0,23.838695434104608,22.838695434104608,30.064763428305902,27.7243759734356
1.452,46.4,-3.7,-0.3,23.92,-0.46,-0.46,0.036,0.0,23.928844518697513,22.928844518697513,46.54825453225932,25.49217927096106
1.454,45.4,-6.5,-6.7,23.93,-0.52,-0.49,0.037,0.0,23.940664151188454,22.940664151188454,46.34975728091788,-0.32336325816140743
1.456,48.2,-7.4,0.3,23.92,-0.42,-0.43,0.036,0.0,23.92755106566487,22.92755106566487,48.765664150096434,-13.649793994372885
1.458,44.8,-10.5,-4.4,23.88,-0.44,-0.31,0.037,0.0,23.88606497521096,22.88606497521096,46.2239115610092,-7.564582992005853
1.46,33.8,-2.3,-1.1,23.89,-0.46,-0.37,0.036,0.0,23.897292733696844,22.897292733696844,33.89601746518313,-21.53200012612433
1.462,47.3,-3.2,2.8,23.79,-0.45,-0.52,0.036,0.0,23.799936974706466,22.799936974706466,47.49073593870703,-10.14207869575057
1.464,51.0,-6.1,-3.5,23.85,-0.42,-0.38,0.037,0.0,23.856724418913842,22.856724418913842,51.482618426028026,10.530625023905486
1.466,38.1,-2.8,4.4,23.83,-0.57,-0.5,0.034,0.0,23.842059474802085,22.842059474802085,38.45529872462311,17.98614468876076
1.468,34.4,-4.8,-2.7,23.92,-0.52,-0.38,0.036,0.0,23.928668997668886,22.928668997668886,34.83805390661195,11.512634585108572
1.47,40.4,1.0,5.8,23.88,-0.43,-0.45,0.034,0.0,23.88811001314252,22.88811001314252,40.8264620068896,-4.805268576510571
1.472,34.0,-2.1,-0.2,23.9,-0.49,-0.46,0.037,0.0,23.909447923362844,22.909447923362844,34.06537831875642,-9.80790820193306
1.474,33.0,-1.0,1.8,23.84,-0.47,-0.45,0.035,0.0,23.84887838033479,22.84887838033479,33.064180014027265,-12.13199784759854
1.476,40.9,-1.2,3.9,23.85,-0.49,-0.53,0.037,0.0,23.860919931972447,22.860919931972447,41.10304125000971,16.717392374859628
1.478,32.6,-4.1,-4.3,23.91,-0.3,-0.43,0.036,0.0,23.915747949834227,22.915747949834227,33.136988396654274,24.450204629595646
1.48,48.5,0.1,-4.4,23.95,-0.53,-0.37,0.036,0.0,23.95872075049083,22.95872075049083,48.69928130886533,25.87930864909322
1.482,54.4,-3.1,0.9,24.01,-0.51,-0.43,0.034,0.0,24.0192651844306,23.0192651844306,54.49568790280566,-5.293209827906139
1.484,42.9,-1.8,0.4,23.93,-0.43,-0.42,0.034,0.0,23.937547911179205,22.937547911179205,42.93960875462188,-0.5662388565360743
1.486,70.0,0.0,-9.3,24.01,-0.41,-0.41,0.035,0.0,24.017000229004456,23.017000229004456,70.6150833745879,8.500994627175714
1.488,48.9,-3.8,2.2,23.96,-0.56,-0.49,0.036,0.0,23.97155188968791,22.97155188968791,49.09674123605354,-14.607956090144398
1.49,49.9,-0.5,3.3,23.95,-0.53,-0.36,0.037,0.0,23.958568404643877,22.958568404643877,50.011498677804084,9.429288436531351
1.492,48.5,1.0,-1.3,24.0,-0.51,-0.43,0.037,0.0,24.009269043434035,23.009269043434035,48.52772403482364,4.986223430973041
1.494,34.7,0.5,-3.9,23.97,-0.49,-0.41,0.034,0.0,23.97851329836777,22.97851329836777,34.92205606776325,-9.754682962470724
1.496,51.2,-1.8,-2.3,23.96,-0.52,-0.47,0.04,0.0,23.970250311584152,22.970250311584152,51.28323312740725,0.13293003696799133
1.498,42.0,1.5,-3.7,23.97,-0.44,-0.49,0.036,0.0,23.97904501851564,22.97904501851564,42.189335145271016,4.749319946194191
1.5,45.0,-5.3,-7.4,23.98,-0.5,-0.44,0.037,0.0,23.98924759136893,22.98924759136893,45.911327578278545,17.65090689162207
1.502,58.0,-5.9,-1.3,24.04,-0.44,-0.52,0.036,0.0,24.04964864608213,23.04964864608213,58.31380625546578,12.112471429752986
1.504,51.4,-1.2,2.3,24.03,-0.44,-0.42,0.036,0.0,24.037697477087942,23.037697477087942,51.46542528727417,-5.532251783698484
1.506,65.8,-1.4,-8.4,24.02,-0.42,-0.43,0.036,0.0,24.027519638947336,23.027519638947336,66.3487754220076,10.606257726519289
1.508,30.4,-2.9,0.5,24.07,-0.55,-0.43,0.036,0.0,24.080122507994016,23.080122507994016,30.542102088756103,0.4140942220192301
1.51,42.4,-2.1,-8.1,24.02,-0.53,-0.4,0.034,0.0,24.029176015835414,23.029176015835414,43.21782039853468,-15.560417229786253
1.512,59.8,3.1,6.3,24.01,-0.43,-0.44,0.034,0.0,24.017880839074873,23.017880839074873,60.210796374072316,0.060343006206494465
1.514,42.1,3.9,0.4,24.02,-0.45,-0.5,0.036,0.0,24.02941738786024,23.02941738786024,42.282147532971884,-1.8655667824750708
1.516,46.9,1.4,-4.4,24.0,-0.49,-0.51,0.033,0.0,24.01041857194497,23.01041857194497,47.12674399955932,7.684098464861563
1.518,48.5,2.5,7.4,24.05,-0.58,-0.39,0.035,0.0,24.060153781719684,23.060153781719684,49.124942748058245,24.650640308135735
1.52,44.5,2.7,-6.3,24.1,-0.5,-0.43,0.037,0.0,24.109021133177514,23.109021133177514,45.024770959994896,14.57026907220552
1.522,51.5,3.3,-1.8,24.11,-0.48,-0.42,0.036,0.0,24.11843485800851,23.11843485800851,51.637002236768154,-14.368601342023794
1.524,55.0,2.7,-1.3,24.04,-0.57,-0.48,0.036,0.0,24.05154672780942,23.05154672780942,55.08157586707192,-17.31194038992453
1.526,44.2,-7.7,-3.7,24.04,-0.47,-0.47,0.037,0.0,24.04918709644881,23.04918709644881,45.017996401439284,24.16609651496583
1.528,58.5,4.8,-4.3,24.14,-0.53,-0.34,0.037,0.0,24.148211113869284,23.148211113869284,58.853886872491266,0.09303776792876306
1.53,46.5,-0.1,-4.8,24.04,-0.54,-0.41,0.035,0.0,24.049559247520524,23.049559247520524,46.74719242906466,-15.175475665479098
1.532,40.5,5.5,-6.3,24.08,-0.44,-0.41,0.037,0.0,24.08750921120737,23.08750921120737,41.35444353391785,19.725281517871736
1.534,47.3,6.5,-2.2,24.12,-0.41,-0.49,0.037,0.0,24.128460373592013,23.128460373592013,47.795188042312375,2.5422750496200024
1.536,65.7,1.3,-3.9,24.09,-0.44,-0.42,0.037,0.0,24.097678311405847,23.097678311405847,65.82848927326224,5.496706809095485
1.538,75.1,0.1,-2.9,24.14,-0.58,-0.41,0.036,0.0,24.150447200828395,23.150447200828395,75.15603768161277,15.307754570093493
1.54,58.3,-4.4,-3.0,24.15,-0.52,-0.4,0.036,0.0,24.15890932968622,23.15890932968622,58.54271944486351,4.781144645131462
1.542,46.2,6.9,-0.5,24.16,-0.51,-0.45,0.037,0.0,24.16957177940892,23.16957177940892,46.715093920487845,-9.626276054424125
1.544,58.7,0.0,6.4,24.11,-0.53,-0.47,0.034,0.0,24.120404225468526,23.120404225468526,59.04786194266479,-7.97758377540049
1.546,55.7,1.9,-1.3,24.13,-0.43,-0.43,0.036,0.0,24.137661444307316,23.137661444307316,55.74755600024095,17.48730594722292
1.548,50.5,3.4,-2.3,24.18,-0.52,-0.48,0.037,0.0,24.190353449257415,23.190353449257415,50.66655701742521,-4.359909424663783
1.55,62.3,-2.8,-2.1,24.11,-0.57,-0.41,0.037,0.0,24.12022180660866,23.12022180660866,62.39823715458634,4.657605093117127
1.552,57.1,4.8,-5.3,24.2,-0.5,-0.43,0.037,0.0,24.208983869629886,23.208983869629886,57.5459816147053,12.230953343877445
1.554,49.1,6.7,-0.6,24.16,-0.48,-0.46,0.036,0.0,24.16914561998417,23.16914561998417,49.55865212049254,-4.864302587562634
1.556,40.3,2.6,-8.9,24.18,-0.48,-0.48,0.037,0.0,24.189526659279633,23.189526659279633,41.352871726157055,2.9074504564032395
1.558,52.0,7.5,-1.6,24.17,-0.53,-0.49,0.035,0.0,24.180775421809784,23.180775421809784,52.56243906060676,4.925746407647239
1.56,54.0,2.2,-0.4,24.2,-0.52,-0.42,0.035,0.0,24.209229644910224,23.209229644910224,54.04627646748664,7.82708454107069
1.562,52.2,2.3,-1.3,24.2,-0.57,-0.51,0.03,0.0,24.212083759974067,23.212083759974067,52.26681547597864,15.248212744918419
1.564,53.1,0.7,-5.6,24.26,-0.55,-0.44,0.037,0.0,24.270222495889897,23.270222495889897,53.39906366220292,-5.822725117473965
1.566,65.7,-3.7,-9.1,24.18,-0.53,-0.38,0.036,0.0,24.188792859504172,23.188792859504172,66.43033945419819,-5.127789350441162
1.568,62.9,-5.8,-1.7,24.24,-0.5,-0.47,0.037,0.0,24.249711338488133,23.249711338488133,63.18971435289132,26.080347811494903
1.57,72.2,7.9,-10.6,24.28,-0.63,-0.49,0.035,0.0,24.29311425075015,23.29311425075015,73.4003405986648,-22.385409274344056
1.572,47.3,-0.2,-8.1,24.15,-0.52,-0.47,0.036,0.0,24.160169701390757,23.160169701390757,47.98895706305774,-13.35178920256385
1.574,61.3,7.4,-7.5,24.23,-0.48,-0.49,0.036,0.0,24.239707093939895,23.239707093939895,62.19887458788945,45.24464676320622
1.576,58.6,0.5,-6.8,24.33,-0.55,-0.49,0.037,0.0,24.34114828844358,23.34114828844358,58.99533879892546,-0.05002143794808944
1.578,71.8,2.0,-8.7,24.23,-0.48,-0.48,0.036,0.0,24.239507008188102,23.239507008188102,72.35281611658249,-12.733552379678258
1.58,53.1,0.0,-12.3,24.28,-0.55,-0.44,0.037,0.0,24.29021407892487,23.29021407892487,54.50596297654047,2.977876756141086
1.582,56.6,2.6,-1.3,24.24,-0.56,-0.49,0.037,0.0,24.25141851521267,23.25141851521267,56.6745974842345,10.02508641930308
1.584,44.7,5.3,-12.8,24.32,-0.53,-0.47,0.036,0.0,24.33031442460208,23.33031442460208,46.79764951362408,-9.660740449680816
1.586,40.5,7.4,-0.6,24.2,-0.59,-0.52,0.037,0.0,24.212775553413945,23.212775553413945,41.174870977332766,-2.0548828187875188
1.588,71.3,2.9,2.7,24.31,-0.59,-0.49,0.037,0.0,24.32209489332693,23.32209489332693,71.41001330345766,23.937939244135123
1.59,42.6,10.2,-14.5,24.3,-0.47,-0.44,0.036,0.0,24.308527310390485,23.308527310390485,46.141629793495596,-19.965271340694926
1.592,68.8,-1.5,-10.3,24.23,-0.61,-0.47,0.036,0.0,24.24223380796415,23.24223380796415,69.58290019825273,3.6627339707929423
1.594,71.2,-1.2,-12.3,24.31,-0.6,-0.53,0.037,0.0,24.323178246273656,23.323178246273656,72.26458330330287,-5.46813474555438
1.596,59.7,4.8,6.0,24.21,-0.47,-0.53,0.037,0.0,24.220361268981932,23.220361268981932,60.19244138594148,-3.5182390699874304
1.598,63.6,9.3,-3.4,24.3,-0.49,-0.45,0.037,0.0,24.309105289993706,23.309105289993706,64.36621784756349,0.6476642064890257
1.6,57.8,5.9,4.2,24.21,-0.63,-0.48,0.037,0.0,24.222951925807887,23.222951925807887,58.251952756967725,-9.945257689122627
1.602,70.6,-2.6,3.0,24.26,-0.5,-0.45,0.036,0.0,24.269324259237216,23.269324259237216,70.71152664170106,64.92885313394527
1.604,51.6,10.4,-12.8,24.47,-0.51,-0.6,0.037,0.0,24.48266733834367,23.48266733834367,54.17157926440764,-8.734899029644112
1.606,48.3,7.8,3.2,24.22,-0.61,-0.57,0.036,0.0,24.23438466311864,23.23438466311864,49.03029675618943,-27.63803110894696
1.608,76.7,9.4,-6.0,24.36,-0.6,-0.48,0.036,0.0,24.372115213907882,23.372115213907882,77.5064513443881,26.96153257469814
1.61,43.2,10.2,-5.2,24.33,-0.57,-0.52,0.037,0.0,24.342230793417432,23.342230793417432,44.69138619465725,20.243642602951695
1.612,74.8,1.1,-4.9,24.44,-0.64,-0.48,0.035,0.0,24.45308978431969,23.45308978431969,74.96839334012701,10.222604445276374
1.614,65.5,6.0,18.6,24.37,-0.59,-0.54,0.037,0.0,24.38312121119854,23.38312121119854,68.35356611033546,-7.318896469509127
1.616,81.0,-0.2,-11.7,24.41,-0.61,-0.55,0.035,0.0,24.423814198441654,23.423814198441654,81.84088220443374,-4.5170922660427095
1.618,49.1,1.5,0.4,24.35,-0.63,-0.58,0.035,0.0,24.365052842134368,23.365052842134368,49.12453562121478,-7.7955285355246815
1.62,71.1,-2.5,-3.7,24.38,-0.55,-0.56,0.034,0.0,24.392632084299553,23.392632084299553,71.24008702970539,-18.865619795647035
1.622,73.2,5.7,2.3,24.28,-0.53,-0.43,0.037,0.0,24.28959036295178,23.28959036295178,73.45760682189422,14.481036648052395
1.624,51.7,8.0,-0.6,24.44,-0.56,-0.45,0.037,0.0,24.450556230891763,23.450556230891763,52.31873469418006,27.722285133342666
1.626,75.8,6.4,1.6,24.39,-0.48,-0.53,0.037,0.0,24.400479503485172,23.400479503485172,76.08652968824377,-26.251582380939
1.628,68.6,1.6,5.6,24.33,-0.6,-0.63,0.037,0.0,24.34554990136801,23.34554990136801,68.84678641737753,7.930140295896308
1.63,85.3,0.9,0.9,24.42,-0.62,-0.46,0.035,0.0,24.43220006466876,23.43220006466876,85.30949536833518,34.67197135511287
1.632,61.3,-4.7,-6.5,24.47,-0.61,-0.57,0.035,0.0,24.484237786788462,23.484237786788462,61.82256869461184,-17.267020525331645
1.634,68.2,6.6,-2.5,24.35,-0.54,-0.59,0.035,0.0,24.36313198256743,23.36313198256743,68.56420348840932,-20.32946988286585
1.636,60.2,2.5,1.8,24.39,-0.6,-0.52,0.036,0.0,24.402919907257,23.402919907257,60.27876906506967,34.47771309536256
1.638,78.1,3.0,7.4,24.49,-0.53,-0.51,0.036,0.0,24.50104283494888,23.50104283494888,78.5071334338479,12.277670817151375
1.64,29.4,5.0,-7.9,24.44,-0.49,-0.59,0.037,0.0,24.452030590525606,23.452030590525606,30.850769844527377,-24.25157089780896
1.642,57.2,4.2,-0.3,24.39,-0.6,-0.57,0.036,0.0,24.404036551357645,23.404036551357645,57.35477312308018,-1.5092634378825096
1.644,39.4,12.5,-2.3,24.43,-0.61,-0.64,0.037,0.0,24.445993536774075,23.445993536774075,41.39927535597694,12.57614413711508
1.646,59.2,-2.2,-6.7,24.44,-0.64,-0.54,0.035,0.0,24.454341127906105,23.454341127906105,59.61853738561523,4.412218488635517
1.648,62.0,5.5,7.5,24.45,-0.63,-0.52,0.036,0.0,24.463642410728617,23.463642410728617,62.69369984296668,2.1204213744767912
1.65,53.3,2.2,-8.0,24.45,-0.56,-0.56,0.034,0.0,24.462822813404014,23.462822813404014,53.941913203000134,-17.694675052172897
1.652,50.1,2.7,0.8,24.38,-0.55,-0.57,0.037,0.0,24.392863710519926,23.392863710519926,50.17907930602155,-9.814081319049365
1.654,65.5,8.4,-4.5,24.41,-0.6,-0.55,0.037,0.0,24.423566488127815,23.423566488127815,66.18957621861618,17.694675052172897
1.656,59.2,-3.3,-8.8,24.45,-0.63,-0.52,0.037,0.0,24.463642410728617,23.463642410728617,59.94138803864989,7.620564101316631
1.658,67.0,3.7,3.2,24.44,-0.62,-0.55,0.037,0.0,24.454048744533083,23.454048744533083,67.17834472506746,-25.038846521137202
1.66,40.2,2.6,0.1,24.35,-0.63,-0.51,0.037,0.0,24.36348702464407,23.36348702464407,40.284115976399434,23.035601507594947
1.662,58.3,8.9,2.7,24.53,-0.65,-0.61,0.036,0.0,24.546191150563462,23.546191150563462,59.037191667625926,32.16721562415387
1.664,46.5,1.3,0.2,24.48,-0.52,-0.57,0.036,0.0,24.492155887140683,23.492155887140683,46.518598431165145,-48.384579414594555
1.666,59.4,7.9,3.2,24.34,-0.56,-0.55,0.037,0.0,24.352652832905083,23.352652832905083,60.00841607641381,2.8476987303720307
1.668,65.2,10.9,9.7,24.49,-0.61,-0.54,0.035,0.0,24.503546682062172,23.503546682062172,66.81272333919641,-9.532605861952106
1.67,70.6,-0.2,11.9,24.3,-0.52,-0.66,0.037,0.0,24.314522409457275,23.314522409457275,71.59615911485754,-3.1248345464191516
1.672,47.1,-1.4,-2.5,24.48,-0.51,-0.53,0.035,0.0,24.491047343876495,23.491047343876495,47.187074501392864,7.266003724219445
1.674,65.4,-0.8,0.2,24.33,-0.57,-0.58,0.037,0.0,24.343586424354154,23.343586424354154,65.40519857014426,-16.507869747279074
1.676,55.7,-1.9,7.3,24.41,-0.63,-0.58,0.036,0.0,24.425015864887378,23.425015864887378,56.20845132184306,8.305556623164193
1.678,75.4,6.6,-1.3,24.36,-0.64,-0.64,0.037,0.0,24.37680865084681,23.37680865084681,75.69947159657062,2.1899845728257787
1.68,52.6,-2.8,-3.7,24.42,-0.57,-0.59,0.036,0.0,24.433775803178683,23.433775803178683,52.804261191687935,-1.8068004588558324
1.682,72.4,5.5,-5.1,24.35,-0.72,-0.66,0.035,0.0,24.36958144901139,23.36958144901139,72.7874989266701,-6.680885909243443
1.684,51.5,-3.7,-11.8,24.39,-0.64,-0.65,0.036,0.0,24.407052259541707,23.407052259541707,52.96395000375256,-4.568368981766071
1.686,28.4,10.4,9.4,24.34,-0.45,-0.59,0.037,0.0,24.35130797308432,23.35130797308432,31.67143823699833,-21.70858322163258
1.688,18.5,-4.2,-0.2,24.31,-0.37,-0.6,0.037,0.0,24.32021792665518,23.32021792665518,18.97182120936206,3.508554045287383
1.69,59.4,-9.5,6.4,24.35,-0.65,-0.57,0.037,0.0,24.365342189265473,23.365342189265473,60.49437990425226,8.088708176603177
1.692,80.3,2.1,-15.3,24.34,-0.61,-0.49,0.037,0.0,24.35257275936159,23.35257275936159,81.77157207734237,-8.201075680876784
1.694,31.7,-5.8,-3.7,24.32,-0.5,-0.6,0.035,0.0,24.332537886541964,23.332537886541964,32.43794074845073,2.9337880018620126
1.696,65.3,4.8,-5.8,24.35,-0.61,-0.57,0.037,0.0,24.36430791136904,23.36430791136904,65.73256422809017,2.837615878548604
1.698,55.9,-14.7,-9.1,24.33,-0.62,-0.54,0.035,0.0,24.343888350056158,23.343888350056158,58.512477301854176,-8.704907670952707
1.7,26.0,0.0,9.2,24.32,-0.46,-0.5,0.035,0.0,24.32948828068523,23.32948828068523,27.579702681501118,-15.163862903415975
1.702,21.9,-6.4,-4.0,24.27,-0.52,-0.61,0.035,0.0,24.283232898442495,23.283232898442495,23.1639806596362,9.964304324113073
1.704,62.9,3.7,1.2,24.35,-0.8,-0.55,0.037,0.0,24.36934549798168,23.36934549798168,63.02015550599665,-2.8570670946037353
1.706,57.1,-3.2,-6.2,24.26,-0.55,-0.52,0.037,0.0,24.27180463006408,23.27180463006408,57.524690351187466,-29.31320119317661
1.708,73.4,-2.3,-0.9,24.24,-0.5,-0.58,0.037,0.0,24.252092693208972,23.252092693208972,73.4415413781601,9.204324286301016
1.71,44.6,16.2,-2.7,24.29,-0.73,-0.61,0.037,0.0,24.308621927209284,23.308621927209284,47.527781349438136,-10.848460853831966
1.712,31.1,-10.5,0.9,24.19,-0.73,-0.61,0.035,0.0,24.208698849793645,23.208698849793645,32.83702178943761,-6.975809832141749
1.714,74.7,1.7,-6.3,24.27,-0.52,-0.5,0.034,0.0,24.280718687880718,23.280718687880718,74.98446505777046,-19.517752202785232
1.716,1.6,-13.1,-12.4,24.12,-0.42,-0.58,0.035,0.0,24.130627840982505,23.130627840982505,18.108837621448817,-6.059269966274769
1.718,32.4,13.2,19.6,24.24,-0.72,-0.53,0.037,0.0,24.25648160801562,23.25648160801562,40.1018702805742,10.360704795573838
1.72,15.3,-6.9,-15.9,24.16,-0.55,-0.53,0.035,0.0,24.1720706601648,23.1720706601648,23.119472312317164,-21.481802021277872
1.722,28.4,13.0,-4.4,24.16,-0.51,-0.5,0.035,0.0,24.170554399930506,23.170554399930506,31.542352480434936,3.0275299602399173
1.724,42.4,13.7,1.6,24.17,-0.56,-0.61,0.034,0.0,24.18418078000576,23.18418078000576,44.58710575940089,-11.269559706613109
1.726,0.8,4.2,8.6,24.11,-0.69,-0.52,0.035,0.0,24.125476161104054,23.125476161104054,9.604165762834375,-22.93086352806131
1.728,17.1,9.2,12.8,24.08,-0.6,-0.49,0.036,0.0,24.092457325893513,23.092457325893513,23.257041944323017,34.087455322648566
1.73,0.9,-19.7,-6.4,24.25,-0.51,-0.56,0.036,0.0,24.261825982394647,23.261825982394647,20.73306537876153,-7.885221123548945
1.732,44.5,-2.4,11.2,24.05,-0.56,-0.46,0.035,0.0,24.060916441399318,23.060916441399318,45.95051686325193,-21.421729815129765
1.734,5.4,-5.9,-13.5,24.16,-0.76,-0.45,0.036,0.0,24.17613906313413,23.17613906313413,15.691398917878546,5.911250910651688
1.736,31.8,-0.7,8.5,24.07,-0.54,-0.64,0.032,0.0,24.084561445041924,23.084561445041924,32.923851536538066,-25.74285694428181
1.738,0.9,-3.0,-5.5,24.06,-0.43,-0.67,0.034,0.0,24.073167635357002,23.073167635357002,6.329296959378664,16.297526618780466
1.74,23.1,-0.5,6.9,24.14,-0.5,-0.47,0.035,0.0,24.149751551517046,23.149751551517046,24.11368905829218,-25.736110183721394
1.742,39.4,-1.1,15.5,23.96,-0.56,-0.42,0.037,0.0,23.970223194622115,22.970223194622115,42.35351225105186,-37.10404300029586
1.744,5.7,-14.9,4.1,23.99,-0.48,-0.56,0.037,0.0,24.001335379515865,23.001335379515865,16.47149052150412,2.657396052394688
1.746,14.1,1.5,17.5,23.97,-0.5,-0.52,0.037,0.0,23.980852778831697,22.980852778831697,22.52354323813196,-2.5566524517580547
1.748,-23.1,-15.2,-1.8,23.98,-0.55,-0.48,0.036,0.0,23.99110876970883,22.99110876970883,27.710828208481967,7.397174956260642
1.75,11.4,6.4,7.1,24.0,-0.57,-0.42,0.037,0.0,24.010441478656738,23.010441478656738,14.877163708180401,-17.786598789120944
1.752,-5.1,2.5,-10.4,23.91,-0.43,-0.54,0.035,0.0,23.919962374552348,22.919962374552348,11.84989451429843,-42.83950578023814
1.754,15.4,-18.1,8.2,23.83,-0.53,-0.39,0.034,0.0,23.839083455535786,22.839083455535786,25.139809068487377,-12.488498958940909
1.756,16.0,-2.4,25.2,23.86,-0.59,-0.36,0.036,0.0,23.870008378716584,22.870008378716584,29.946619174791667,5.563892020369167
1.758,-6.3,-11.4,-2.5,23.85,-0.51,-0.53,0.037,0.0,23.861339023617262,22.861339023617262,13.262729734108284,-25.174057621616157
1.76,25.8,-10.7,28.0,23.76,-0.45,-0.49,0.035,0.0,23.76931214823012,22.76931214823012,39.54908342806443,4.540661556253326
1.762,19.1,-18.3,-12.0,23.87,-0.51,-0.44,0.037,0.0,23.879501669842274,22.879501669842274,29.046514420838864,10.348881774871188
1.764,-18.9,-4.2,16.3,23.8,-0.57,-0.43,0.037,0.0,23.810707675329603,22.810707675329603,25.30889171812942,-45.25412154637252
1.766,34.4,-3.5,-19.2,23.69,-0.39,-0.5,0.036,0.0,23.698485183656786,22.698485183656786,39.5506005011302,-12.976800139538682
1.768,-9.1,-9.6,6.1,23.75,-0.5,-0.41,0.036,0.0,23.758800474771448,22.758800474771448,14.566399692442877,12.168661630200404
1.77,23.3,-9.6,-4.5,23.74,-0.5,-0.3,0.037,0.0,23.747159830177587,22.747159830177587,25.598828098176682,-1.843813594195126
1.772,-46.2,-3.3,2.8,23.74,-0.55,-0.49,0.035,0.0,23.75142522039467,22.75142522039467,46.40226287585553,-10.000670755131978
1.774,27.0,-2.9,17.6,23.7,-0.33,-0.48,0.035,0.0,23.70715714715706,22.70715714715706,32.36000618046913,4.467524852037059
1.776,-1.0,-17.0,-28.6,23.76,-0.47,-0.47,0.035,0.0,23.76929531980282,22.76929531980282,33.28603310699549,-12.67745575326353
1.778,38.0,-11.1,13.2,23.65,-0.47,-0.29,0.035,0.0,23.656447324144004,22.656447324144004,41.7306841544684,-28.17236925915404
1.78,32.1,-9.6,25.1,23.65,-0.38,-0.41,0.037,0.0,23.6566058427662,22.6566058427662,41.86382686759538,7.931735166462204
1.782,0.9,-13.1,10.8,23.68,-0.44,-0.44,0.037,0.0,23.688174264809852,22.688174264809852,17.00176461429813,10.477747115467537
1.784,1.3,-3.3,15.6,23.69,-0.56,-0.3,0.035,0.0,23.69851683122807,22.69851683122807,15.998124890123842,-12.222820189941558
1.786,-33.1,-6.7,-18.4,23.63,-0.58,-0.32,0.036,0.0,23.639282984050087,22.639282984050087,38.458549114598696,-49.52176198102643
1.788,20.0,-6.1,29.2,23.49,-0.49,-0.5,0.037,0.0,23.500429783303964,22.500429783303964,35.914481758755755,-15.006287524452091
1.79,-0.2,-19.4,-31.9,23.57,-0.51,-0.42,0.037,0.0,23.57925783395228,22.57925783395228,37.33644332284477,37.84496815469265
1.792,19.2,-0.5,1.1,23.64,-0.68,-0.31,0.036,0.0,23.651809655922737,22.651809655922737,19.237983262286097,-12.801091451235152
1.794,-31.2,-0.3,17.3,23.52,-0.42,-0.45,0.037,0.0,23.528053468147338,22.528053468147338,35.67660297730152,-15.89064560823499
1.796,38.4,-9.2,-0.2,23.58,-0.41,-0.47,0.036,0.0,23.588247073489796,22.588247073489796,39.487213120198795,8.590379609175216
1.798,-10.5,0.3,13.1,23.55,-0.68,-0.35,0.037,0.0,23.562414986584038,22.562414986584038,16.791366829415644,-29.264055431076486
1.8,40.1,2.1,-11.0,23.46,-0.64,-0.34,0.036,0.0,23.47119085176549,22.47119085176549,41.634360809312305,-29.28776813060358
1.802,15.2,-2.7,1.8,23.44,-0.38,-0.32,0.036,0.0,23.445263914061623,22.445263914061623,15.542522317822161,-1.394960828285548
1.804,31.2,17.7,-4.9,23.46,-0.43,-0.28,0.034,0.0,23.46561100845235,22.46561100845235,36.20414340928397,25.562438778430987
1.806,-23.8,-4.4,12.6,23.54,-0.53,-0.27,0.036,0.0,23.54751366917535,22.54751366917535,27.286626761107723,21.235250515811458
1.808,44.5,8.2,17.6,23.54,-0.6,-0.37,0.035,0.0,23.55055201051559,22.55055201051559,48.55151902875954,-19.419427236897718
1.81,39.6,-17.6,0.1,23.46,-0.5,-0.46,0.036,0.0,23.46983596022776,22.46983596022776,43.3350897079953,-9.943939477941967
1.812,17.9,16.5,1.8,23.5,-0.65,-0.29,0.036,0.0,23.510776252603826,22.510776252603826,24.411063065749513,-10.511192782320904
1.814,-11.2,16.5,-9.1,23.42,-0.53,-0.29,0.035,0.0,23.427791189098475,22.427791189098475,21.920310216782973,-15.850816355628012
1.816,-16.6,13.0,5.6,23.44,-0.44,-0.39,0.034,0.0,23.447372987181314,22.447372987181314,21.815590755237412,-7.669529829991916
1.818,29.9,-14.1,1.8,23.39,-0.48,-0.32,0.037,0.0,23.397113069778506,22.397113069778506,33.10679688523189,8.130134745681062
1.82,30.7,-10.3,-10.2,23.47,-0.63,-0.26,0.037,0.0,23.479893526164037,22.479893526164037,33.95025773098048,15.548030068369371
1.822,12.2,-3.2,-17.4,23.45,-0.51,-0.42,0.037,0.0,23.459305190051982,22.459305190051982,21.490463001061656,-0.07453232733769255
1.824,5.9,-3.3,2.7,23.47,-0.56,-0.37,0.037,0.0,23.479595396854688,22.479595396854688,7.2794230540613585,-12.081215075183536
1.826,-25.4,12.0,-30.8,23.4,-0.62,-0.36,0.037,0.0,23.41098032975125,22.41098032975125,41.68692840687594,4.3995131441679405
1.828,-8.0,-10.6,8.3,23.49,-0.52,-0.26,0.037,0.0,23.497193449431357,22.497193449431357,15.660459763365827,24.169499211303446
1.83,57.0,11.9,3.6,23.5,-0.48,-0.36,0.036,0.0,23.507658326596463,22.507658326596463,58.34012341433638,-34.633346280290425
1.832,5.3,-13.5,-24.9,23.35,-0.51,-0.38,0.035,0.0,23.358660064310197,22.358660064310197,28.815794280220697,-26.59300929089204
1.834,5.2,20.3,-9.4,23.39,-0.6,-0.41,0.037,0.0,23.401286289432896,22.401286289432896,22.96715045450785,0.6148359500912193
1.836,15.8,-3.0,-15.3,23.35,-0.63,-0.35,0.035,0.0,23.36111940811056,22.36111940811056,22.19752238426622,-5.016832654740938
1.838,-25.5,20.2,6.6,23.37,-0.59,-0.42,0.036,0.0,23.381218958813932,22.381218958813932,33.194125986385,-24.071357656070177
1.84,27.5,15.1,-3.9,23.26,-0.32,-0.35,0.034,0.0,23.26483397748628,22.26483397748628,31.61439545523526,-13.218384890138623
1.842,-7.9,-11.0,11.5,23.32,-0.58,-0.23,0.035,0.0,23.328345419253377,22.328345419253377,17.76682301369606,11.154223874136733
1.844,25.1,0.6,-15.6,23.3,-0.57,-0.34,0.034,0.0,23.30945087298283,22.30945087298283,29.55892420234539,-6.7076117615242765
1.846,-6.3,7.1,-16.4,23.29,-0.62,-0.39,0.034,0.0,23.30151497220728,22.30151497220728,18.948878594787608,0.0021450522826853557
1.848,19.2,12.2,-17.6,23.3,-0.53,-0.4,0.037,0.0,23.30945945319196,22.30945945319196,28.76178019525217,-15.041511014423122
1.85,24.4,-12.8,-14.7,23.23,-0.57,-0.45,0.036,0.0,23.241348928149588,22.241348928149588,31.22963336320169,11.522552126287337
1.852,37.6,2.4,-10.4,23.34,-0.69,-0.5,0.037,0.0,23.355549661697108,22.355549661697108,39.08554720097955,36.51234700942496
1.854,-3.2,18.6,-3.7,23.38,-0.48,-0.34,0.037,0.0,23.387398316187287,22.387398316187287,19.232524535276173,2.1618267923986423
1.856,47.4,-1.1,-9.3,23.35,-0.74,-0.34,0.037,0.0,23.364196968866704,22.364196968866704,48.31624985447443,-17.516426790039077
1.858,33.0,1.4,-28.7,23.3,-0.76,-0.48,0.036,0.0,23.31733260902713,22.31733260902713,43.756713770574684,-23.72543740745641
1.86,-65.0,25.9,-27.0,23.26,-0.46,-0.47,0.037,0.0,23.269295219236877,22.269295219236877,74.99873332263685,-2.616666962513591
1.862,24.6,32.1,-2.2,23.3,-0.4,-0.4,0.035,0.0,23.306865941177076,22.306865941177076,40.50197526047341,-13.626168818866972
1.864,36.6,1.1,-3.4,23.2,-0.72,-0.41,0.035,0.0,23.21479054396141,22.21479054396141,36.77403975632811,-8.264693795090352
1.866,-23.1,19.8,-8.6,23.26,-0.67,-0.44,0.037,0.0,23.273807165996715,22.273807165996715,31.61660955890116,27.28534289065192
1.868,44.2,-1.1,-27.2,23.31,-0.64,-0.49,0.036,0.0,23.323931915524017,22.323931915524017,51.91040358155579,-30.060391464104214
1.87,4.4,23.2,7.9,23.14,-0.58,-0.54,0.036,0.0,23.153565600140297,22.153565600140297,24.9,-10.311303721857257
1.872,61.2,-8.1,-37.0,23.27,-0.65,-0.41,0.035,0.0,23.28268670063659,22.28268670063659,71.97256421720711,6.859888735759341
1.874,70.2,4.3,-10.0,23.17,-0.5,-0.51,0.035,0.0,23.181005155083334,22.181005155083334,71.0389329874823,-15.1425218433169
1.876,-40.4,11.8,-11.1,23.21,-0.51,-0.55,0.036,0.0,23.222116613263314,22.222116613263314,43.527117984079766,17.945443664772938
1.878,63.1,-8.7,-26.8,23.24,-0.64,-0.43,0.035,0.0,23.25278692974242,22.25278692974242,69.10528199783285,-4.517926814020939
1.88,52.7,22.0,0.3,23.19,-0.6,-0.54,0.034,0.0,23.20404490600723,22.20404490600723,57.1084932387469,-17.833283953706086
1.882,51.2,-19.4,-33.1,23.17,-0.5,-0.53,0.035,0.0,23.181453793927595,22.181453793927595,63.97976242531696,7.5546464138124065
1.884,70.8,6.9,-7.2,23.22,-0.65,-0.49,0.037,0.0,23.234263491662478,22.234263491662478,71.49888111012646,-4.7616878701410315
1.886,-28.1,12.1,-3.9,23.15,-0.61,-0.45,0.037,0.0,23.162407042447033,22.162407042447033,30.842016795274596,21.66729137549555
1.888,-22.1,26.3,5.8,23.31,-0.57,-0.43,0.037,0.0,23.320932657164462,22.320932657164462,34.83877150532148,-12.050363418858069
1.89,3.6,6.7,-4.6,23.1,-0.66,-0.47,0.034,0.0,23.114205588771597,22.114205588771597,8.888756943465154,-25.100736861057158
1.892,-4.9,6.1,-17.9,23.2,-0.67,-0.71,0.037,0.0,23.220529709720232,22.220529709720232,19.53535256912452,11.847984542353515
1.894,12.3,17.9,-6.4,23.14,-0.8,-0.6,0.036,0.0,23.161597526941012,22.161597526941012,22.64199637841151,4.530858854268445
1.896,10.7,15.4,3.9,23.23,-0.5,-0.39,0.037,0.0,23.238653145137306,22.238653145137306,19.153589741873454,2.9944854206814853
1.898,13.0,-6.1,9.7,23.16,-0.59,-0.53,0.036,0.0,23.17357546862374,22.17357546862374,17.32916616574496,-45.64992752118087
1.9,115.9,-14.9,6.6,23.04,-0.7,-0.5,0.036,0.0,23.056053435052583,22.056053435052583,117.04007860557853,-6.212990425018688
1.902,-25.4,12.5,21.2,23.13,-0.72,-0.59,0.037,0.0,23.148723506923663,22.148723506923663,35.36735783176346,-15.867462041314866
1.904,98.8,6.4,-4.1,22.98,-0.59,-0.48,0.035,0.0,22.99258358688732,21.99258358688732,99.09192701729035,-32.37853433895543
1.906,-37.5,21.9,-1.8,23.0,-0.74,-0.58,0.036,0.0,23.019209369567843,22.019209369567843,43.46377802262477,-4.292116375398109
1.908,15.5,14.5,19.7,22.96,-0.6,-0.59,0.036,0.0,22.97541512138573,21.97541512138573,28.95841846510268,28.774081413641397
1.91,38.9,24.3,-17.4,23.12,-0.56,-0.59,0.037,0.0,23.13430569522241,22.13430569522241,49.05568264737531,21.701808666650322
1.912,3.8,5.5,34.5,23.05,-0.5,-0.56,0.037,0.0,23.06222235605233,22.06222235605233,35.14171310565266,-23.40715545940202
1.914,-8.0,10.9,-26.7,23.02,-0.7,-0.68,0.036,0.0,23.0406770733848,22.0406770733848,29.92824752637548,0.9587394179152398
1.916,-19.8,10.6,3.3,23.05,-0.67,-0.54,0.034,0.0,23.06605731372399,22.06605731372399,22.700000000000003,-11.444953335085302
1.918,-46.1,5.1,-12.7,22.98,-0.6,-0.57,0.035,0.0,22.994897260044457,21.994897260044457,48.08856412911494,-5.849761733853484
1.92,109.6,21.1,14.0,23.03,-0.54,-0.54,0.035,0.0,23.042658266788578,22.042658266788578,112.48719927173936,-2.8594975967689606
1.922,50.3,10.8,30.3,22.97,-0.59,-0.52,0.035,0.0,22.983459269657384,21.983459269657384,59.70611358981591,1.1352823083725525
1.924,48.3,36.4,-4.1,23.03,-0.7,-0.55,0.037,0.0,23.04719939602207,22.04719939602207,60.618973927310904,15.107865214864432
1.926,50.8,-13.1,9.1,23.03,-0.64,-0.48,0.036,0.0,23.04389073051684,22.04389073051684,53.24528148108525,-4.305819481907747
1.928,9.0,30.8,-22.6,23.01,-0.74,-0.61,0.037,0.0,23.02997611809444,22.02997611809444,39.24792988171478,2.967484478703227
1.93,-14.8,-0.8,5.0,23.04,-0.73,-0.44,0.037,0.0,23.055760668431653,22.055760668431653,15.642250477472864,-2.682455718608253
1.932,62.4,17.8,3.0,23.0,-0.69,-0.64,0.036,0.0,23.019246295220004,22.019246295220004,64.95844825732831,-7.592583787391959
1.934,-14.6,20.3,-20.7,23.01,-0.58,-0.61,0.035,0.0,23.025390333282086,22.025390333282086,32.4613616473493,2.081034191087383
1.936,47.5,-3.7,2.3,23.01,-0.67,-0.6,0.037,0.0,23.027570431984355,22.027570431984355,47.69937106503607,-2.2376391154230078
1.938,66.2,19.5,17.9,23.0,-0.61,-0.62,0.037,0.0,23.016439776820395,22.016439776820395,71.29586243254232,-8.067728074975093
1.94,2.7,-12.4,7.7,22.98,-0.65,-0.53,0.037,0.0,22.995299519684455,21.995299519684455,14.843853947004465,12.297624637049012
1.942,43.0,15.7,-6.7,23.05,-0.58,-0.62,0.037,0.0,23.06563027536859,22.06563027536859,46.264241050729446,-1.935503919518851
1.944,-9.6,7.2,24.0,22.97,-0.62,-0.65,0.037,0.0,22.98755750400638,21.98755750400638,26.832815729997478,3.5301474594762112
1.946,37.8,17.6,-0.1,23.06,-0.68,-0.67,0.036,0.0,23.079750865206496,22.079750865206496,41.69664255068985,5.789891087783872
1.948,-85.3,6.1,10.2,22.99,-0.71,-0.67,0.036,0.0,23.010717068357515,22.010717068357515,86.12398040035075,-10.267044292676474
1.95,47.7,8.6,13.8,23.02,-0.69,-0.62,0.037,0.0,23.038682688035788,22.038682688035788,50.395337085885245,-25.329312703842334
1.952,53.1,-4.2,0.4,22.89,-0.62,-0.71,0.035,0.0,22.909399817542145,21.909399817542145,53.26734459309944,-28.92355666700405
1.954,3.7,-2.7,33.6,22.91,-0.57,-0.52,0.034,0.0,22.922988461367773,21.922988461367773,33.910765252350174,14.363095741577126
1.956,33.4,-12.3,-22.1,22.95,-0.67,-0.57,0.034,0.0,22.966852200508452,21.966852200508452,41.89582318083749,-4.497251775037512
1.958,35.2,19.7,21.4,22.89,-0.55,-0.62,0.036,0.0,22.90499945426762,21.90499945426762,45.66278572316849,2.390448244064828
1.96,0.1,18.9,37.1,22.96,-0.54,-0.68,0.037,0.0,22.976413993484712,21.976413993484712,41.63688268830893,20.65908820882214
1.962,-6.3,15.1,7.3,22.97,-0.59,-0.68,0.036,0.0,22.98763580710291,21.98763580710291,17.916193792209327,-2.8117229951867557
1.964,-16.5,8.5,23.8,22.95,-0.6,-0.58,0.034,0.0,22.965167101503965,21.965167101503965,30.181782584864003,-23.15745035640066
1.966,-33.3,9.9,-0.4,22.88,-0.55,-0.62,0.037,0.0,22.895006005677306,21.895006005677306,34.74276903184316,7.123223560672159
1.968,57.6,-3.7,23.2,22.98,-0.54,-0.58,0.037,0.0,22.993659995746654,21.993659995746654,62.20683242217048,22.412980215356583
1.97,32.8,8.3,28.8,22.97,-0.56,-0.6,0.037,0.0,22.984657926538734,21.984657926538734,44.43163287568892,-17.748589172438187
1.972,29.6,5.6,4.7,22.9,-0.75,-0.69,0.034,0.0,22.922665639056902,21.922665639056902,30.489506391543962,-19.502059245880446
1.974,3.5,0.0,-12.2,22.89,-0.56,-0.67,0.037,0.0,22.906649689555213,21.906649689555213,12.692123541787637,-38.253696335938
1.976,-19.6,-2.8,13.3,22.76,-0.37,-0.55,0.035,0.0,22.76965085371315,21.76965085371315,23.85141505236115,-19.28452181134071
1.978,118.0,-15.2,14.7,22.81,-0.72,-0.61,0.034,0.0,22.82951160230985,21.82951160230985,119.87964798079781,28.60882996761302
1.98,43.4,10.4,20.2,22.87,-0.51,-0.62,0.037,0.0,22.8840861735836,21.8840861735836,48.987345304680474,-8.677390812099475
1.982,51.0,-18.3,1.7,22.78,-0.61,-0.55,0.037,0.0,22.79480203906145,21.79480203906145,54.21051558507814,-2.068404927287702
1.984,5.8,11.3,5.6,22.86,-0.64,-0.56,0.036,0.0,22.87581255387445,21.87581255387445,13.88128236151113,13.57464992363748
1.986,-49.9,9.2,18.7,22.83,-0.74,-0.57,0.036,0.0,22.849100638756003,21.849100638756003,54.077167085563936,-0.938841529507954
1.988,64.6,-4.2,5.7,22.85,-0.62,-0.79,0.036,0.0,22.87205718775642,21.87205718775642,64.98684482262544,-5.718623563208894
1.99,-27.5,-0.9,26.8,22.81,-0.54,-0.67,0.036,0.0,22.826226144503167,21.826226144503167,38.409634208099405,-34.13138118512143
1.992,97.2,6.6,2.1,22.72,-0.52,-0.66,0.034,0.0,22.735531663015934,21.735531663015934,97.44644683106716,-0.04380942483294348
1.994,-10.9,20.2,14.0,22.81,-0.59,-0.62,0.036,0.0,22.826050906803832,21.826050906803832,26.885869894797896,22.561358047347312
1.996,41.2,11.8,10.7,22.81,-0.6,-0.6,0.034,0.0,22.82577709520532,21.82577709520532,44.17204998638846,-11.559917414475422
1.998,-62.5,-31.3,7.2,22.77,-0.38,-0.55,0.037,0.0,22.779811237145932,21.779811237145932,70.26933897511773,11.764033876871508
2.0,-43.3,-10.0,9.3,22.85,-0.78,-0.66,0.037,0.0,22.872833230712807,21.872833230712807,45.40242284283956,16.239601235156442
2.002,48.2,-1.4,5.3,22.83,-0.55,-0.61,0.036,0.0,22.84476964208657,21.84476964208657,48.51072046465606,2.7231068731007326
2.004,-90.0,-42.0,6.7,22.87,-0.58,-0.54,0.036,0.0,22.883725658205226,21.883725658205226,99.54340761697883,3.434655175644366
2.006,61.8,27.0,-2.3,22.84,-0.63,-0.67,0.037,0.0,22.858508262789154,21.858508262789154,67.47984884393266,-17.708093481019205
2.008,-25.9,-13.7,-32.1,22.79,-0.78,-0.66,0.034,0.0,22.81289328428115,21.81289328428115,43.461592239585514,-13.455037070190883
2.01,-34.0,28.7,22.6,22.79,-0.51,-0.64,0.034,0.0,22.804688114508384,21.804688114508384,49.904408622886216,12.304322988478816
2.012,38.0,-28.9,-20.3,22.85,-0.44,-0.6,0.035,0.0,22.862110576235082,21.862110576235082,51.87774089144592,13.539250169057595
2.014,-26.1,9.2,50.1,22.84,-0.74,-0.56,0.036,0.0,22.858845115184625,21.858845115184625,57.235129072974054,-10.16777372631259
2.016,54.2,-3.8,-0.9,22.81,-0.54,-0.48,0.036,0.0,22.82143948132983,21.82143948132983,54.34050054977411,-14.846697071428025
2.018,-2.1,-44.4,-17.2,22.78,-0.7,-0.63,0.036,0.0,22.799458326898908,21.799458326898908,47.66140996655471,-3.6989281157084406
2.02,44.9,27.7,16.5,22.78,-0.89,-0.65,0.036,0.0,22.806643768867,21.806643768867,55.27702958734306,31.165539466408518
2.022,21.8,-10.1,5.9,22.91,-0.66,-0.46,0.037,0.0,22.924120484764515,21.924120484764515,24.739846402110096,9.090978502632424
2.024,-36.6,19.7,20.6,22.83,-0.54,-0.55,0.037,0.0,22.843007682877488,21.843007682877488,46.38976180150099,-39.63420278938611
2.026,35.9,-13.8,15.1,22.75,-0.62,-0.57,0.035,0.0,22.765583673606965,21.765583673606965,41.31900289213185,-2.0847163712423935
2.028,35.6,-14.0,9.2,22.82,-0.51,-0.64,0.035,0.0,22.834668817392554,21.834668817392554,39.344631145812,-4.160210256711252
2.03,-31.1,8.1,29.1,22.74,-0.42,-0.48,0.035,0.0,22.748942832580152,21.748942832580152,43.35469986056875,1.9604975774454942
2.032,0.3,-26.6,4.4,22.83,-0.67,-0.35,0.037,0.0,22.84251080770238,21.84251080770238,26.963122964523233,-4.273232463900968
2.034,61.6,11.4,11.6,22.71,-0.85,-0.52,0.037,0.0,22.73184990272459,21.73184990272459,63.71090958383815,-1.6457436426771892
2.036,-41.6,-43.2,-1.3,22.82,-0.66,-0.54,0.037,0.0,22.83592783313172,21.83592783313172,59.98741534688755,1.7285889238473828
2.038,48.1,15.1,-7.2,22.73,-0.41,-0.48,0.036,0.0,22.738764258420026,21.738764258420026,50.92602478104884,9.099013511702651
2.04,-36.9,-27.5,-6.5,22.86,-0.5,-0.56,0.035,0.0,22.87232388717858,21.87232388717858,46.47698355100081,-3.149680438221367
2.042,17.4,1.5,2.8,22.71,-0.64,-0.57,0.035,0.0,22.7261655366672,21.7261655366672,17.68756625429287,-37.53467324202211
2.044,3.4,-12.6,2.0,22.71,-0.6,-0.44,0.035,0.0,22.722185194210525,21.722185194210525,13.203029955279204,16.390806549411536
2.046,122.8,7.7,12.8,22.78,-0.56,-0.47,0.035,0.0,22.791728762864828,21.791728762864828,123.70517369940515,-12.491076520994284
2.048,67.2,7.0,-13.5,22.66,-0.38,-0.64,0.037,0.0,22.672220888126507,21.672220888126507,68.89912916721082,-8.426500412336281
2.05,14.4,-8.3,-4.7,22.74,-0.78,-0.46,0.037,0.0,22.758022761215436,21.758022761215436,17.272521529875135,31.83567604703967
2.052,60.0,34.2,-36.1,22.79,-0.54,-0.38,0.037,0.0,22.79956359231466,21.79956359231466,77.92849286365033,-16.1182542124443
2.054,-6.7,-16.6,-15.0,22.68,-0.62,-0.48,0.037,0.0,22.69354974436569,21.69354974436569,23.354871012274934,-16.711770160919514
2.056,27.7,14.4,-3.2,22.72,-0.62,-0.44,0.037,0.0,22.732716511671015,21.732716511671015,31.382957158304887,5.223749753225093
2.058,41.7,-20.6,-26.5,22.7,-0.68,-0.44,0.036,0.0,22.714444743378603,21.714444743378603,53.530365214521005,-0.030242836528486805
2.06,51.9,17.4,42.7,22.72,-0.54,-0.53,0.035,0.0,22.73259554032491,21.73259554032491,69.42377114504801,-0.447970508200342
2.062,26.8,7.6,-11.2,22.7,-0.45,-0.61,0.034,0.0,22.71265286134581,21.71265286134581,30.02399040767233,8.231659215555737
2.064,4.8,12.7,38.3,22.75,-0.69,-0.48,0.034,0.0,22.76552217718715,21.76552217718715,40.63520641020542,-3.3829332462355524
2.066,-19.1,0.8,-45.2,22.68,-0.81,-0.46,0.035,0.0,22.699121128360893,21.699121128360893,49.07636905884542,-16.59971152448088
2.068,46.1,-11.4,18.1,22.69,-0.45,-0.46,0.037,0.0,22.699123331089243,21.699123331089243,50.82105862730528,16.052807185901656
2.07,-13.0,4.0,-21.2,22.75,-0.52,-0.58,0.036,0.0,22.763332357104485,21.763332357104485,25.188092424794696,18.268108700091034
2.072,117.2,4.6,1.4,22.76,-0.57,-0.48,0.034,0.0,22.772195765889595,21.772195765889595,117.29859334194933,-9.462766017833928
2.074,-11.2,-27.6,40.5,22.71,-0.65,-0.53,0.037,0.0,22.72548129303316,21.72548129303316,50.273750606056836,-39.770025657256156
2.076,86.3,15.9,-24.8,22.6,-0.61,-0.47,0.036,0.0,22.613115663260558,21.613115663260558,91.18958273838082,-18.20811032459096
2.078,-112.5,-35.4,27.0,22.64,-0.55,-0.52,0.035,0.0,22.652648851734757,21.652648851734757,120.98929704730084,17.502555904609835
2.08,1.0,18.9,-40.4,22.67,-0.57,-0.52,0.034,0.0,22.683125886878997,21.683125886878997,44.613562960158205,8.611098826925627
2.082,6.3,-28.1,1.1,22.68,-0.43,-0.37,0.037,0.0,22.687093247042466,21.687093247042466,28.818570401739226,4.312139842970282
2.084,23.0,33.0,33.2,22.69,-0.47,-0.5,0.036,0.0,22.700374446250883,21.700374446250883,52.155920085834936,-2.1640880133591054
2.086,125.5,11.2,-0.4,22.67,-0.51,-0.35,0.035,0.0,22.678436894989037,21.678436894989037,125.99940476049878,-10.201180986479812
2.088,-109.3,-2.8,37.4,22.64,-0.81,-0.48,0.037,0.0,22.65956972230497,21.65956972230497,115.5555710470075,0.5307657062667204
2.09,13.2,24.6,-54.8,22.67,-0.42,-0.55,0.036,0.0,22.680559957814094,21.680559957814094,61.50154469604808,-7.008550537694646
2.092,7.1,-40.6,24.7,22.62,-0.54,-0.48,0.037,0.0,22.631535520154173,21.631535520154173,48.05059833134235,-14.03377581148925
2.094,-27.5,-0.2,-38.1,22.61,-0.69,-0.42,0.036,0.0,22.624424854568126,21.624424854568126,46.9882964151713,-5.17158858057428
2.096,107.0,-32.0,-13.3,22.6,-0.51,-0.48,0.037,0.0,22.610849165831876,21.610849165831876,112.47172978130993,-5.493968053062417
2.098,22.5,46.3,41.7,22.59,-0.55,-0.51,0.037,0.0,22.602448982355874,21.602448982355874,66.24824525978028,1.0060646330011878
2.1,27.9,21.1,-49.8,22.6,-0.65,-0.5,0.036,0.0,22.61487342436389,21.61487342436389,60.857702881393735,-10.97739482070665
2.102,17.9,-37.4,8.8,22.54,-0.69,-0.6,0.034,0.0,22.558539403073063,21.558539403073063,42.386436509808185,41.456685117139386
2.104,149.7,31.4,-42.2,22.77,-0.55,-0.43,0.037,0.0,22.78070016483251,21.78070016483251,158.67227230994078,66.51369707027516
2.106,-23.5,-40.2,5.6,22.81,-0.48,-0.66,0.037,0.0,22.8245941913542,21.8245941913542,46.900426437293724,-6.5339468869142365
2.108,-17.5,9.4,-39.1,22.74,-0.65,-0.49,0.037,0.0,22.754564377284833,21.754564377284833,43.856812469672256,-32.225191817603445
2.11,66.4,-12.1,-14.7,22.68,-0.64,-0.55,0.037,0.0,22.695693424083785,21.695693424083785,69.07575551523125,-37.51233539171426
2.112,-38.7,32.5,16.3,22.59,-0.44,-0.68,0.036,0.0,22.604515035717974,21.604515035717974,53.10018832358319,4.261323082062518
2.114,21.6,33.3,-30.3,22.7,-0.48,-0.59,0.037,0.0,22.712738716411987,21.712738716411987,49.935358214395535,-2.762844791128373
2.116,-45.2,11.7,1.8,22.58,-0.59,-0.51,0.036,0.0,22.593463656553414,21.593463656553414,46.724404758113295,-12.263527163083381
2.118,-2.6,54.3,-12.1,22.65,-0.51,-0.6,0.036,0.0,22.66368460775961,21.66368460775961,55.69254887325592,2.9862470705074884
2.12,55.0,-28.1,-13.2,22.59,-0.6,-0.58,0.036,0.0,22.60540864483542,21.60540864483542,63.15734319934619,0.6309302349427526
2.122,16.3,33.3,26.6,22.65,-0.57,-0.64,0.037,0.0,22.66620832869935,21.66620832869935,45.63047227456669,-2.9331346138851586
2.124,-2.3,-24.5,-28.7,22.58,-0.63,-0.47,0.034,0.0,22.593676106379853,21.593676106379853,37.80515837818961,-8.033062148478166
2.126,31.4,28.8,-14.4,22.62,-0.49,-0.63,0.037,0.0,22.634076080105412,21.634076080105412,44.975104224448444,4.263964693335765
2.128,21.3,33.9,-21.2,22.6,-0.44,-0.54,0.035,0.0,22.610731965153185,21.610731965153185,45.302759297861755,-16.475396480005656
2.13,43.2,0.0,3.7,22.55,-0.62,-0.66,0.034,0.0,22.568174494185392,21.568174494185392,43.35815955503647,17.46857194172935
2.132,98.7,39.3,4.7,22.67,-0.47,-0.51,0.035,0.0,22.68060625292014,21.68060625292014,106.34034982075242,-7.812864161368452
2.134,-7.0,-7.9,1.0,22.52,-0.56,-0.67,0.035,0.0,22.536923037539975,21.536923037539975,10.602358228243375,-11.368014621743896
2.136,84.9,7.1,-4.4,22.62,-0.6,-0.57,0.037,0.0,22.63513419443322,21.63513419443322,85.30990563820828,6.137690459386249
2.138,23.1,-9.3,8.1,22.54,-0.73,-0.66,0.034,0.0,22.561473799377556,21.561473799377556,26.186064996482386,21.57460471264858
2.14,20.9,11.5,-17.1,22.71,-0.35,-0.63,0.037,0.0,22.72143261328387,21.72143261328387,29.35080918816379,1.2137750283272908
2.142,41.0,-6.1,0.5,22.54,-0.74,-0.8,0.036,0.0,22.566328899490937,21.566328899490937,41.454312200300706,-40.66955376159967
2.144,19.0,7.8,-24.9,22.54,-0.63,-0.67,0.035,0.0,22.558754398237504,21.558754398237504,32.27770128122509,11.753073869066611
2.146,5.1,12.0,18.5,22.6,-0.44,-0.64,0.035,0.0,22.613341194967187,21.613341194967187,22.633161511375295,-5.368542977563266
2.148,40.1,-10.5,-8.9,22.52,-0.55,-0.69,0.034,0.0,22.537280226327223,21.537280226327223,42.396580050754096,4.876653810007156
2.15,31.3,0.1,-28.2,22.61,-0.79,-0.64,0.036,0.0,22.632847810207178,21.632847810207178,42.13003679086929,-2.8892881180636323
2.152,40.8,-16.6,-3.3,22.51,-0.6,-0.59,0.037,0.0,22.525723073854923,21.525723073854923,44.17114442710309,-31.308941125344063
2.154,-19.4,5.7,-22.2,22.49,-0.55,-0.7,0.036,0.0,22.50761204570578,21.50761204570578,30.028153456381563,22.356126175995996
2.156,58.7,4.2,-14.6,22.6,-0.57,-0.6,0.034,0.0,22.615147578558936,21.615147578558936,60.63406633238447,22.883488964514072
2.158,32.1,7.1,11.6,22.58,-0.55,-0.75,0.035,0.0,22.599146001563863,21.599146001563863,34.86230055518425,-0.9496645401468413
2.16,5.8,4.6,-5.5,22.59,-0.61,-0.77,0.035,0.0,22.611348920398356,21.611348920398356,9.222255689363639,-8.67623733104574
2.162,23.2,10.2,-3.0,22.54,-0.68,-0.8,0.037,0.0,22.564441052239694,21.564441052239694,25.520188087081177,8.729470028558353
2.164,37.5,-2.8,5.3,22.62,-0.81,-0.73,0.036,0.0,22.64626680051262,21.64626680051262,37.976045081077096,10.501232787957633
2.166,42.1,-26.4,-10.9,22.59,-0.53,-0.68,0.037,0.0,22.60644598339155,21.60644598339155,50.87415846969854,-27.347033661464593
2.168,64.3,-1.6,0.6,22.52,-0.39,-0.78,0.034,0.0,22.536878665866755,21.536878665866755,64.32270205767168,6.957780038032979
2.17,41.7,-21.4,-10.9,22.61,-0.7,-0.78,0.034,0.0,22.634277103543642,21.634277103543642,48.121305052959656,10.411078763691876
2.172,92.2,2.2,-27.6,22.56,-0.6,-0.69,0.034,0.0,22.57852298092149,21.57852298092149,96.26754385565262,-29.75445835993196
2.174,-6.3,-8.7,10.8,22.5,-0.62,-0.55,0.035,0.0,22.51525927010391,21.51525927010391,15.232202729743324,0.7329498737699396
2.176,29.7,-4.2,-14.3,22.56,-0.66,-0.73,0.034,0.0,22.581454780416603,21.581454780416603,33.22980589771779,9.537113668096936
2.178,19.0,-16.9,0.8,22.53,-0.77,-0.68,0.034,0.0,22.553407724776317,21.553407724776317,25.441108466417102,-10.528959284475604
2.18,23.5,-3.7,2.1,22.52,-0.65,-0.67,0.034,0.0,22.539338943278704,21.539338943278704,23.882001591156467,7.103099182129881
2.182,118.5,-8.8,-11.9,22.56,-0.75,-0.65,0.037,0.0,22.58182012150482,21.58182012150482,119.42068497542627,-5.7667623448433005
2.184,-72.3,-1.2,7.8,22.5,-0.62,-0.59,0.035,0.0,22.51627189389931,21.51627189389931,72.7294300816389,-8.48221688844842
2.186,126.2,23.4,3.4,22.53,-0.63,-0.64,0.034,0.0,22.547891253951,21.547891253951,128.396105859952,-4.006862695670861
2.188,-63.5,-26.9,-18.9,22.48,-0.59,-0.75,0.034,0.0,22.500244443116614,21.500244443116614,71.50573403581002,0.2843874921791212
2.19,6.0,-6.5,8.4,22.53,-0.57,-0.73,0.036,0.0,22.549028803919693,21.549028803919693,12.19877042984251,-12.177493599826448
2.192,47.8,-27.2,-51.5,22.43,-0.68,-0.71,0.037,0.0,22.451534468717277,21.451534468717277,75.3454046375756,-9.877148948597096
2.194,-95.7,-22.4,22.2,22.49,-0.6,-0.72,0.035,0.0,22.50952020812527,21.50952020812527,100.76254264358359,10.143814729583937
2.196,88.4,11.5,-40.5,22.47,-0.7,-0.71,0.036,0.0,22.492109727635597,21.492109727635597,97.9135332831984,-7.748725155860484
2.198,1.8,-31.3,-24.0,22.46,-0.63,-0.66,0.037,0.0,22.478525307501826,21.478525307501826,39.48328760374445,1.1041677249477289
2.2,96.8,55.9,31.9,22.48,-0.53,-0.68,0.034,0.0,22.496526398535398,21.496526398535398,116.24396758541924,-20.53039458285093
2.202,-9.8,-40.8,-6.3,22.38,-0.57,-0.64,0.036,0.0,22.396403729170448,21.396403729170448,42.43076713895236,26.691902299280628
