UTCTIME,UNIXTIME,ALT,LAT,LON,#SATS,FIX,HORZV,VERTV,HEAD,FLAGS,>40,>32,>24,RSSI,BATT,Altitude AGL,Launch detection,Apogee detection,Landing detection,Distance (feet)
Mar 21 2026 18:52:12.899 UTC,1774140732.899,2053.9,35.34768,-117.80932,32,3,0,0,135,3,4,12,6,-41,3.913,0.9,FALSE,FALSE,FALSE,0.0000
Mar 21 2026 18:52:13.000 UTC,1774140733.0,2053.9,35.34768,-117.80932,32,3,0,0,4,3,4,13,5,-41,3.891,0.9,FALSE,FALSE,FALSE,0.0000
Mar 21 2026 18:52:13.199 UTC,1774140733.199,2053.9,35.34768,-117.80932,32,3,0,0,-53,3,4,13,5,-43,3.891,0.9,FALSE,FALSE,FALSE,0.0000
Mar 21 2026 18:52:13.299 UTC,1774140733.299,2053.9,35.34768,-117.80932,32,3,0,0,36,3,4,13,5,-43,3.891,0.9,FALSE,FALSE,FALSE,0.0000
Mar 21 2026 18:52:13.399 UTC,1774140733.399,2053.9,35.34768,-117.80932,32,3,0,0,107,3,4,13,5,-43,3.891,0.9,FALSE,FALSE,FALSE,0.0000
Mar 21 2026 18:52:13.499 UTC,1774140733.499,2053.9,35.34768,-117.80932,32,3,0,0,-131,3,4,13,5,-43,3.891,0.9,FALSE,FALSE,FALSE,0.0000
Mar 21 2026 18:52:13.599 UTC,1774140733.599,2053.9,35.34768,-117.80932,32,3,0,0,43,3,4,13,5,-43,3.891,0.9,FALSE,FALSE,FALSE,0.0000
Mar 21 2026 18:52:13.699 UTC,1774140733.699,2053.9,35.34768,-117.80932,32,3,0,0,-104,3,4,13,5,-43,3.891,0.9,FALSE,FALSE,FALSE,0.0000
Mar 21 2026 18:52:13.899 UTC,1774140733.899,2053.9,35.34768,-117.80932,32,3,0,0,61,3,4,13,5,-43,3.891,0.9,FALSE,FALSE,FALSE,0.0000
Mar 21 2026 18:52:14.000 UTC,1774140734.0,2053.9,35.34768,-117.80932,32,3,0,0,-131,3,4,12,6,-43,3.891,0.9,FALSE,FALSE,FALSE,0.0000
Mar 21 2026 18:52:14.199 UTC,1774140734.199,2053.9,35.34768,-117.80932,32,3,0,0,3,3,4,13,5,-44,3.891,0.9,FALSE,FALSE,FALSE,0.0000
Mar 21 2026 18:52:14.299 UTC,1774140734.299,2053.9,35.34768,-117.80932,32,3,0,0,-72,3,4,13,5,-44,3.891,0.9,FALSE,FALSE,FALSE,0.0000
Mar 21 2026 18:52:14.399 UTC,1774140734.399,2053.9,35.34768,-117.80932,32,3,0,0,31,3,4,13,5,-44,3.891,0.9,FALSE,FALSE,FALSE,0.0000
Mar 21 2026 18:52:14.499 UTC,1774140734.499,2053.9,35.34768,-117.80932,32,3,0,0,-4,3,4,12,6,-44,3.891,0.9,FALSE,FALSE,FALSE,0.0000
Mar 21 2026 18:52:14.599 UTC,1774140734.599,2053.9,35.34768,-117.80932,32,3,0,0,-162,3,4,12,6,-44,3.891,0.9,FALSE,FALSE,FALSE,0.0000
Mar 21 2026 18:52:14.699 UTC,1774140734.699,2053.9,35.34768,-117.80932,32,3,0,0,46,3,4,12,7,-44,3.891,0.9,FALSE,FALSE,FALSE,0.0000
Mar 21 2026 18:52:14.799 UTC,1774140734.799,2053.9,35.34768,-117.80932,32,3,0,0,-26,3,4,12,7,-44,3.891,0.9,FALSE,FALSE,FALSE,0.0000
Mar 21 2026 18:52:14.899 UTC,1774140734.899,2053.9,35.34768,-117.80932,32,3,0,0,-167,3,4,12,7,-44,3.891,0.9,FALSE,FALSE,FALSE,0.0000
Mar 21 2026 18:52:15.000 UTC,1774140735.0,2053.9,35.34768,-117.80932,32,3,0,0,27,3,4,12,7,-44,3.891,0.9,FALSE,FALSE,FALSE,0.0000
Mar 21 2026 18:52:15.199 UTC,1774140735.199,2053.9,35.34768,-117.80932,32,3,0,0,53,3,4,12,7,-44,3.891,0.9,FALSE,FALSE,FALSE,0.0000
Mar 21 2026 18:52:15.299 UTC,1774140735.299,2053.9,35.34768,-117.80932,32,3,0,0,45,3,4,13,6,-44,3.908,0.9,FALSE,FALSE,FALSE,0.0000
Mar 21 2026 18:52:15.399 UTC,1774140735.399,2053.9,35.34768,-117.80932,32,3,0,0,-27,3,4,13,6,-44,3.908,0.9,FALSE,FALSE,FALSE,0.0000
Mar 21 2026 18:52:15.499 UTC,1774140735.499,2053.9,35.34768,-117.80932,32,3,0,0,-163,3,4,13,6,-44,3.908,0.9,FALSE,FALSE,FALSE,0.0000
Mar 21 2026 18:52:15.599 UTC,1774140735.599,2053.9,35.34768,-117.80932,32,3,0,0,28,3,4,13,6,-44,3.908,0.9,FALSE,FALSE,FALSE,0.0000
Mar 21 2026 18:52:15.699 UTC,1774140735.699,2053.9,35.34768,-117.80932,32,3,0,0,-105,3,4,12,7,-44,3.908,0.9,FALSE,FALSE,FALSE,0.0000
Mar 21 2026 18:52:15.799 UTC,1774140735.799,2054.0,35.34768,-117.80932,32,3,0,0,-24,3,4,13,6,-44,3.908,1.0,FALSE,FALSE,FALSE,0.0000
Mar 21 2026 18:52:15.899 UTC,1774140735.899,2054.0,35.34768,-117.80932,32,3,0,0,73,3,4,13,6,-44,3.908,1.0,FALSE,FALSE,FALSE,0.0000
Mar 21 2026 18:52:16.000 UTC,1774140736.0,2054.0,35.34768,-117.80932,32,3,0,0,-147,3,4,13,6,-44,3.908,1.0,FALSE,FALSE,FALSE,0.0000
Mar 21 2026 18:52:16.199 UTC,1774140736.199,2054.0,35.34768,-117.80932,32,3,0,0,41,3,4,13,6,-44,3.908,1.0,FALSE,FALSE,FALSE,0.0000
Mar 21 2026 18:52:16.299 UTC,1774140736.299,2054.0,35.34768,-117.80932,32,3,0,0,15,3,4,13,6,-44,3.908,1.0,FALSE,FALSE,FALSE,0.0000
Mar 21 2026 18:52:16.399 UTC,1774140736.399,2054.0,35.34768,-117.80932,32,3,0,0,-104,3,4,13,6,-44,3.908,1.0,FALSE,FALSE,FALSE,0.0000
Mar 21 2026 18:52:16.499 UTC,1774140736.499,2054.0,35.34768,-117.80932,32,3,0,0,-59,3,4,13,6,-44,3.908,1.0,FALSE,FALSE,FALSE,0.0000
Mar 21 2026 18:52:16.599 UTC,1774140736.599,2054.0,35.34768,-117.80932,32,3,0,0,116,3,4,13,6,-44,3.908,1.0,FALSE,FALSE,FALSE,0.0000
Mar 21 2026 18:52:16.699 UTC,1774140736.699,2054.0,35.34768,-117.80932,32,3,0,0,135,3,4,13,6,-44,3.908,1.0,FALSE,FALSE,FALSE,0.0000
Mar 21 2026 18:52:16.799 UTC,1774140736.799,2054.0,35.34768,-117.80932,32,3,0,0,0,3,4,13,6,-44,3.908,1.0,FALSE,FALSE,FALSE,0.0000
Mar 21 2026 18:52:16.899 UTC,1774140736.899,2054.0,35.34768,-117.80932,32,3,0,0,-140,3,4,13,6,-44,3.908,1.0,FALSE,FALSE,FALSE,0.0000
Mar 21 2026 18:52:17.000 UTC,1774140737.0,2054.0,35.34768,-117.80932,32,3,0,0,39,3,4,13,6,-44,3.908,1.0,FALSE,FALSE,FALSE,0.0000
Mar 21 2026 18:52:17.199 UTC,1774140737.199,2054.0,35.34768,-117.80932,32,3,0,0,59,3,4,13,6,-43,3.908,1.0,FALSE,FALSE,FALSE,0.0000
Mar 21 2026 18:52:17.299 UTC,1774140737.299,2054.0,35.34768,-117.80932,32,3,0,0,-156,3,4,13,6,-43,3.908,1.0,FALSE,FALSE,FALSE,0.0000
Mar 21 2026 18:52:17.399 UTC,1774140737.399,2053.8,35.34768,-117.80932,27,3,1,-4,-5,3,3,10,5,-43,3.908,0.8,FALSE,FALSE,FALSE,0.0000
Mar 21 2026 18:52:17.499 UTC,1774140737.499,2053.9,35.34768,-117.80932,30,3,4,4,-9,3,1,11,8,-43,3.914,0.9,TRUE,FALSE,FALSE,0.0000
Mar 21 2026 18:52:17.699 UTC,1774140737.699,2062.1,35.34768,-117.80932,31,3,15,76,-38,3,1,7,7,-43,3.914,9.1,TRUE,FALSE,FALSE,1.4289
Mar 21 2026 18:52:17.799 UTC,1774140737.799,2079.9,35.34768,-117.80932,31,3,11,179,-50,3,2,8,7,-43,3.914,26.9,TRUE,FALSE,FALSE,2.7890
Mar 21 2026 18:52:17.899 UTC,1774140737.899,2103.4,35.34768,-117.80933,30,3,17,235,-75,3,2,7,7,-43,3.914,50.4,TRUE,FALSE,FALSE,3.5825
Mar 21 2026 18:52:18.000 UTC,1774140738.0,2129.3,35.34768,-117.80933,27,3,26,263,-75,3,1,9,4,-43,3.914,76.3,TRUE,FALSE,FALSE,5.3283
Mar 21 2026 18:52:18.199 UTC,1774140738.199,2196.9,35.34766,-117.80936,16,3,47,384,-87,3,1,5,4,-36,3.914,143.9,TRUE,FALSE,FALSE,12.6584
Mar 21 2026 18:52:18.399 UTC,1774140738.399,2298.9,35.34768,-117.80939,16,3,73,495,-92,3,1,8,2,-36,3.914,245.9,TRUE,FALSE,FALSE,22.8968
Mar 21 2026 18:52:18.499 UTC,1774140738.499,2352.8,35.34768,-117.80943,16,3,85,528,-92,3,0,5,3,-36,3.914,299.8,TRUE,FALSE,FALSE,31.8512
Mar 21 2026 18:52:18.599 UTC,1774140738.599,2414.1,35.34768,-117.80945,15,3,95,575,-93,3,0,6,2,-36,3.914,361.1,TRUE,FALSE,FALSE,38.6377
Mar 21 2026 18:52:18.699 UTC,1774140738.699,2489.9,35.34768,-117.80949,12,3,106,655,-94,3,2,4,1,-36,3.914,436.9,TRUE,FALSE,FALSE,50.0008
Mar 21 2026 18:52:18.799 UTC,1774140738.799,2580.9,35.34767,-117.80952,11,3,117,761,-94,3,2,6,1,-36,3.914,527.9,TRUE,FALSE,FALSE,59.1081
Mar 21 2026 18:52:18.899 UTC,1774140738.899,2669.1,35.34767,-117.80956,12,3,131,815,-94,3,2,6,1,-36,3.914,616.1,TRUE,FALSE,FALSE,72.7819
Mar 21 2026 18:52:19.000 UTC,1774140739.0,2758.1,35.34766,-117.80961,11,3,145,853,-94,3,0,7,1,-36,3.914,705.1,TRUE,FALSE,FALSE,86.4674
Mar 21 2026 18:52:19.299 UTC,1774140739.299,3089.9,35.34765,-117.80977,12,3,183,1097,-95,3,1,7,1,-42,3.914,1036.9,TRUE,FALSE,FALSE,134.3536
Mar 21 2026 18:52:19.399 UTC,1774140739.399,3212.5,35.34764,-117.80983,12,3,197,1158,-95,3,1,6,2,-42,3.914,1159.5,TRUE,FALSE,FALSE,152.6827
Mar 21 2026 18:52:19.499 UTC,1774140739.499,3336.4,35.34764,-117.80990,11,3,211,1199,-95,3,0,6,1,-42,3.914,1283.4,TRUE,FALSE,FALSE,173.1854
Mar 21 2026 18:52:19.599 UTC,1774140739.599,3467.6,35.34763,-117.80997,12,3,224,1257,-95,3,0,5,3,-42,3.914,1414.6,TRUE,FALSE,FALSE,196.0581
Mar 21 2026 18:52:19.699 UTC,1774140739.699,3612.3,35.34763,-117.81004,13,3,237,1350,-96,3,0,7,2,-42,3.914,1559.3,TRUE,FALSE,FALSE,216.5595
Mar 21 2026 18:52:19.799 UTC,1774140739.799,3762.7,35.34762,-117.81013,11,3,250,1428,-96,3,0,5,3,-42,3.908,1709.7,TRUE,FALSE,FALSE,241.7019
Mar 21 2026 18:52:19.899 UTC,1774140739.899,3915.6,35.34761,-117.81021,12,3,264,1483,-96,3,0,5,4,-42,3.908,1862.6,TRUE,FALSE,FALSE,266.9668
Mar 21 2026 18:52:20.000 UTC,1774140740.0,4075.1,35.34760,-117.81030,10,3,277,1549,-97,3,0,3,4,-42,3.908,2022.1,TRUE,FALSE,FALSE,294.3799
Mar 21 2026 18:52:22.099 UTC,1774140742.099,7806.3,35.34727,-117.81260,13,3,342,1649,-100,3,0,8,1,-52,3.897,5753.3,TRUE,FALSE,FALSE,988.1808
Mar 21 2026 18:52:22.199 UTC,1774140742.199,7971.8,35.34726,-117.81271,12,3,341,1632,-101,3,0,8,1,-55,3.897,5918.8,TRUE,FALSE,FALSE,1022.9298
Mar 21 2026 18:52:22.299 UTC,1774140742.299,8135.1,35.34724,-117.81283,10,3,340,1616,-101,3,0,6,1,-55,3.897,6082.1,TRUE,FALSE,FALSE,1057.6819
Mar 21 2026 18:52:22.399 UTC,1774140742.399,8297.0,35.34722,-117.81293,13,3,339,1598,-101,3,0,8,1,-55,3.897,6244.0,TRUE,FALSE,FALSE,1090.1909
Mar 21 2026 18:52:22.499 UTC,1774140742.499,8457.3,35.34720,-117.81305,18,3,338,1582,-101,3,0,9,4,-55,3.897,6404.3,TRUE,FALSE,FALSE,1124.9488
Mar 21 2026 18:52:22.599 UTC,1774140742.599,8615.8,35.34718,-117.81316,17,3,336,1565,-101,3,0,9,4,-55,3.897,6562.8,TRUE,FALSE,FALSE,1159.7091
Mar 21 2026 18:52:22.699 UTC,1774140742.699,8772.6,35.34716,-117.81327,18,3,335,1549,-101,3,0,10,4,-55,3.897,6719.6,TRUE,FALSE,FALSE,1192.0081
Mar 21 2026 18:52:22.799 UTC,1774140742.799,8927.8,35.34715,-117.81338,22,3,334,1534,-101,3,0,14,3,-55,3.897,6874.8,TRUE,FALSE,FALSE,1224.5269
Mar 21 2026 18:52:22.899 UTC,1774140742.899,9081.3,35.34712,-117.81349,21,3,332,1519,-102,3,0,14,3,-55,3.897,7028.3,TRUE,FALSE,FALSE,1259.5150
Mar 21 2026 18:52:23.000 UTC,1774140743.0,9233.5,35.34710,-117.81360,24,3,330,1503,-102,3,0,15,4,-55,3.897,7180.5,TRUE,FALSE,FALSE,1292.0406
Mar 21 2026 18:52:23.199 UTC,1774140743.199,9532.3,35.34706,-117.81381,24,3,327,1473,-102,3,0,13,4,-56,3.897,7479.3,TRUE,FALSE,FALSE,1357.0985
Mar 21 2026 18:52:23.299 UTC,1774140743.299,9680.0,35.34705,-117.81392,24,3,325,1459,-102,3,2,11,4,-56,3.897,7627.0,TRUE,FALSE,FALSE,1389.6306
Mar 21 2026 18:52:23.399 UTC,1774140743.399,9827.1,35.34702,-117.81403,25,3,323,1445,-103,3,2,14,2,-56,3.897,7774.1,TRUE,FALSE,FALSE,1422.3973
Mar 21 2026 18:52:23.499 UTC,1774140743.499,9972.6,35.34700,-117.81413,26,3,321,1432,-103,3,2,14,2,-56,3.897,7919.6,TRUE,FALSE,FALSE,1454.9344
Mar 21 2026 18:52:23.599 UTC,1774140743.599,10117.1,35.34698,-117.81424,28,3,318,1417,-103,3,2,14,2,-56,3.897,8064.1,TRUE,FALSE,FALSE,1487.7099
Mar 21 2026 18:52:23.799 UTC,1774140743.799,10400.2,35.34694,-117.81445,26,3,314,1390,-104,3,2,16,0,-56,3.897,8347.2,TRUE,FALSE,FALSE,1550.7964
Mar 21 2026 18:52:23.899 UTC,1774140743.899,10541.1,35.34692,-117.81454,29,3,311,1377,-104,3,2,16,3,-56,3.897,8488.1,TRUE,FALSE,FALSE,1581.1040
Mar 21 2026 18:52:24.000 UTC,1774140744.0,10680.7,35.34690,-117.81464,26,3,309,1366,-104,3,4,13,1,-56,3.897,8627.7,TRUE,FALSE,FALSE,1611.6586
Mar 21 2026 18:52:24.199 UTC,1774140744.199,10953.9,35.34686,-117.81485,27,3,304,1340,-104,3,3,13,3,-61,3.897,8900.9,TRUE,FALSE,FALSE,1674.7704
Mar 21 2026 18:52:24.299 UTC,1774140744.299,11089.7,35.34683,-117.81495,28,3,301,1327,-105,3,3,13,3,-61,3.913,9036.7,TRUE,FALSE,FALSE,1705.3380
Mar 21 2026 18:52:24.399 UTC,1774140744.399,11224.3,35.34681,-117.81504,27,3,299,1316,-105,3,3,12,3,-61,3.913,9171.3,TRUE,FALSE,FALSE,1733.6757
Mar 21 2026 18:52:24.499 UTC,1774140744.499,11357.6,35.34679,-117.81514,25,3,296,1303,-105,3,3,11,3,-61,3.913,9304.6,TRUE,FALSE,FALSE,1764.2535
Mar 21 2026 18:52:24.699 UTC,1774140744.699,11620.3,35.34674,-117.81533,27,3,291,1280,-105,3,3,11,5,-61,3.913,9567.3,TRUE,FALSE,FALSE,1822.9291
Mar 21 2026 18:52:24.799 UTC,1774140744.799,11749.8,35.34672,-117.81543,26,3,289,1268,-105,3,3,10,5,-61,3.913,9696.8,TRUE,FALSE,FALSE,1853.5180
Mar 21 2026 18:52:24.899 UTC,1774140744.899,11878.1,35.34670,-117.81552,25,3,286,1257,-105,3,2,10,6,-61,3.913,9825.1,TRUE,FALSE,FALSE,1881.8792
Mar 21 2026 18:52:25.000 UTC,1774140745.0,12005.2,35.34668,-117.81561,27,3,284,1246,-105,3,3,8,7,-61,3.913,9952.2,TRUE,FALSE,FALSE,1910.2452
Mar 21 2026 18:52:25.199 UTC,1774140745.199,12254.2,35.34663,-117.81580,24,3,278,1224,-106,3,2,9,7,-61,3.913,10201.2,TRUE,FALSE,FALSE,1966.7213
Mar 21 2026 18:52:25.299 UTC,1774140745.299,12378.0,35.34661,-117.81588,26,3,276,1213,-106,3,2,11,6,-61,3.913,10325.0,TRUE,FALSE,FALSE,1992.8696
Mar 21 2026 18:52:25.399 UTC,1774140745.399,12500.6,35.34659,-117.81597,27,3,273,1203,-106,3,2,12,5,-61,3.913,10447.6,TRUE,FALSE,FALSE,2021.2520
Mar 21 2026 18:52:25.499 UTC,1774140745.499,12621.8,35.34657,-117.81606,29,3,271,1192,-106,3,3,11,5,-61,3.913,10568.8,TRUE,FALSE,FALSE,2049.3632
Mar 21 2026 18:52:25.599 UTC,1774140745.599,12742.0,35.34655,-117.81615,29,3,268,1182,-106,3,3,11,5,-61,3.913,10689.0,TRUE,FALSE,FALSE,2075.5240
Mar 21 2026 18:52:25.699 UTC,1774140745.699,12861.1,35.34653,-117.81623,29,3,266,1172,-106,3,3,11,4,-61,3.913,10808.1,TRUE,FALSE,FALSE,2101.4114
Mar 21 2026 18:52:25.799 UTC,1774140745.799,12979.0,35.34650,-117.81632,28,3,264,1162,-106,3,4,10,4,-61,3.913,10926.0,TRUE,FALSE,FALSE,2129.8064
Mar 21 2026 18:52:25.899 UTC,1774140745.899,13095.9,35.34649,-117.81641,30,3,262,1152,-106,3,4,11,4,-61,3.913,11042.9,TRUE,FALSE,FALSE,2155.6977
Mar 21 2026 18:52:26.000 UTC,1774140746.0,13211.7,35.34646,-117.81649,29,3,259,1142,-106,3,4,12,3,-61,3.913,11158.7,TRUE,FALSE,FALSE,2181.8729
Mar 21 2026 18:52:26.199 UTC,1774140746.199,13439.3,35.34642,-117.81665,29,3,255,1123,-106,3,4,12,3,-61,3.913,11386.3,TRUE,FALSE,FALSE,2231.4401
Mar 21 2026 18:52:26.399 UTC,1774140746.399,13663.1,35.34639,-117.81682,27,3,251,1104,-106,3,5,9,5,-61,3.913,11610.1,TRUE,FALSE,FALSE,2283.2379
Mar 21 2026 18:52:26.499 UTC,1774140746.499,13774.1,35.34636,-117.81689,28,3,249,1095,-106,3,5,10,5,-61,3.913,11721.1,TRUE,FALSE,FALSE,2307.2041
Mar 21 2026 18:52:26.599 UTC,1774140746.599,13884.3,35.34634,-117.81698,28,3,247,1085,-106,3,5,9,6,-61,3.911,11831.3,TRUE,FALSE,FALSE,2333.1073
Mar 21 2026 18:52:26.799 UTC,1774140746.799,14101.1,35.34631,-117.81713,29,3,243,1068,-105,3,5,10,4,-61,3.911,12048.1,TRUE,FALSE,FALSE,2380.1802
Mar 21 2026 18:52:27.000 UTC,1774140747.0,14314.5,35.34627,-117.81729,30,3,239,1050,-105,3,4,11,5,-61,3.911,12261.5,TRUE,FALSE,FALSE,2429.7719
Mar 21 2026 18:52:27.199 UTC,1774140747.199,14524.5,35.34624,-117.81744,29,3,237,1033,-105,3,4,11,5,-68,3.911,12471.5,TRUE,FALSE,FALSE,2476.8519
Mar 21 2026 18:52:27.399 UTC,1774140747.399,14731.5,35.34620,-117.81760,30,3,234,1018,-105,3,5,10,6,-68,3.911,12678.5,TRUE,FALSE,FALSE,2524.2320
Mar 21 2026 18:52:27.499 UTC,1774140747.499,14834.6,35.34618,-117.81767,31,3,233,1011,-105,3,5,13,3,-68,3.911,12781.6,TRUE,FALSE,FALSE,2547.6260
Mar 21 2026 18:52:27.699 UTC,1774140747.699,15037.1,35.34615,-117.81783,31,3,231,997,-105,3,5,13,3,-68,3.911,12984.1,TRUE,FALSE,FALSE,2594.7134
Mar 21 2026 18:52:27.899 UTC,1774140747.899,15236.8,35.34612,-117.81797,29,3,229,985,-104,3,4,12,3,-68,3.911,13183.8,TRUE,FALSE,FALSE,2639.5839
Mar 21 2026 18:52:28.000 UTC,1774140748.0,15336.4,35.34610,-117.81805,31,3,228,978,-104,3,4,14,3,-68,3.911,13283.4,TRUE,FALSE,FALSE,2662.9793
Mar 21 2026 18:52:28.299 UTC,1774140748.299,15628.8,35.34605,-117.81827,31,3,226,960,-104,3,4,14,3,-70,3.911,13575.8,TRUE,FALSE,FALSE,2731.2496
Mar 21 2026 18:52:28.499 UTC,1774140748.499,15821.0,35.34602,-117.81841,31,3,225,949,-104,3,4,14,3,-70,3.911,13768.0,TRUE,FALSE,FALSE,2775.8237
Mar 21 2026 18:52:28.699 UTC,1774140748.699,16010.7,35.34599,-117.81856,31,3,224,938,-104,3,2,16,3,-70,3.911,13957.7,TRUE,FALSE,FALSE,2820.3985
Mar 21 2026 18:52:28.899 UTC,1774140748.899,16198.1,35.34596,-117.81870,31,3,222,927,-103,3,3,15,3,-70,3.911,14145.1,TRUE,FALSE,FALSE,2864.6695
Mar 21 2026 18:52:29.000 UTC,1774140749.0,16291.3,35.34595,-117.81878,31,3,222,921,-103,3,2,15,4,-70,3.911,14238.3,TRUE,FALSE,FALSE,2888.0661
Mar 21 2026 18:52:29.199 UTC,1774140749.199,16475.2,35.34592,-117.81892,31,3,221,911,-103,3,3,15,3,-62,3.911,14422.2,TRUE,FALSE,FALSE,2932.6420
Mar 21 2026 18:52:29.399 UTC,1774140749.399,16657.0,35.34589,-117.81907,31,3,220,900,-103,3,3,15,3,-62,3.911,14604.0,TRUE,FALSE,FALSE,2976.9131
Mar 21 2026 18:52:29.699 UTC,1774140749.699,16926.0,35.34585,-117.81928,31,3,219,884,-103,3,2,16,3,-62,3.911,14873.0,TRUE,FALSE,FALSE,3042.3637
Mar 21 2026 18:52:29.799 UTC,1774140749.799,17014.8,35.34583,-117.81935,30,3,219,879,-103,3,1,16,4,-62,3.911,14961.8,TRUE,FALSE,FALSE,3063.5435
Mar 21 2026 18:52:29.899 UTC,1774140749.899,17103.0,35.34582,-117.81943,31,3,219,874,-103,3,0,17,4,-62,3.911,15050.0,TRUE,FALSE,FALSE,3086.6348
Mar 21 2026 18:52:30.000 UTC,1774140750.0,17190.8,35.34581,-117.81950,31,3,219,868,-103,3,0,17,5,-62,3.89,15137.8,TRUE,FALSE,FALSE,3107.8146
Mar 21 2026 18:52:30.199 UTC,1774140750.199,17364.2,35.34578,-117.81964,31,3,218,858,-103,3,0,16,5,-64,3.89,15311.2,TRUE,FALSE,FALSE,3152.0858
Mar 21 2026 18:52:30.299 UTC,1774140750.299,17450.4,35.34576,-117.81971,31,3,218,853,-103,3,0,16,5,-64,3.89,15397.4,TRUE,FALSE,FALSE,3173.2659
Mar 21 2026 18:52:30.399 UTC,1774140750.399,17536.1,35.34575,-117.81978,31,3,218,848,-103,3,0,17,4,-64,3.89,15483.1,TRUE,FALSE,FALSE,3194.1397
Mar 21 2026 18:52:30.499 UTC,1774140750.499,17621.3,35.34574,-117.81985,31,3,218,843,-103,3,0,17,4,-64,3.89,15568.3,TRUE,FALSE,FALSE,3217.5371
Mar 21 2026 18:52:31.099 UTC,1774140751.099,18119.9,35.34566,-117.82028,30,3,216,813,-103,3,1,16,4,-66,3.89,16066.9,TRUE,FALSE,FALSE,3348.1336
Mar 21 2026 18:52:31.299 UTC,1774140751.299,18282.1,35.34563,-117.82042,30,3,215,804,-103,3,1,16,4,-66,3.89,16229.1,TRUE,FALSE,FALSE,3390.4951
Mar 21 2026 18:52:31.399 UTC,1774140751.399,18362.8,35.34562,-117.82049,30,3,214,799,-103,3,0,19,2,-66,3.89,16309.8,TRUE,FALSE,FALSE,3411.3686
Mar 21 2026 18:52:31.499 UTC,1774140751.499,18442.9,35.34560,-117.82056,30,3,214,794,-103,3,1,17,3,-66,3.89,16389.9,TRUE,FALSE,FALSE,3432.5496
Mar 21 2026 18:52:31.599 UTC,1774140751.599,18522.6,35.34558,-117.82063,31,3,213,790,-103,3,1,17,3,-66,3.89,16469.6,TRUE,FALSE,FALSE,3453.7308
Mar 21 2026 18:52:31.699 UTC,1774140751.699,18601.7,35.34557,-117.82069,30,3,213,785,-103,3,1,18,2,-66,3.89,16548.7,TRUE,FALSE,FALSE,3474.6041
Mar 21 2026 18:52:31.799 UTC,1774140751.799,18680.4,35.34556,-117.82077,30,3,212,780,-103,3,1,17,3,-66,3.89,16627.4,TRUE,FALSE,FALSE,3498.0021
Mar 21 2026 18:52:31.899 UTC,1774140751.899,18758.6,35.34554,-117.82084,31,3,212,775,-103,3,1,16,4,-66,3.89,16705.6,TRUE,FALSE,FALSE,3519.1835
Mar 21 2026 18:52:32.000 UTC,1774140752.0,18836.3,35.34553,-117.82091,31,3,211,771,-103,3,1,15,5,-66,3.89,16783.3,TRUE,FALSE,FALSE,3540.0568
Mar 21 2026 18:52:32.199 UTC,1774140752.199,18990.1,35.34550,-117.82104,31,3,210,762,-103,3,2,13,6,-64,3.89,16937.1,TRUE,FALSE,FALSE,3582.4202
Mar 21 2026 18:52:32.299 UTC,1774140752.299,19066.5,35.34549,-117.82111,31,3,209,757,-103,3,2,12,7,-64,3.89,17013.5,TRUE,FALSE,FALSE,3603.2933
Mar 21 2026 18:52:32.399 UTC,1774140752.399,19142.5,35.34547,-117.82118,31,3,209,753,-104,3,2,11,8,-64,3.89,17089.5,TRUE,FALSE,FALSE,3624.4753
Mar 21 2026 18:52:32.499 UTC,1774140752.499,19218.0,35.34546,-117.82124,31,3,208,748,-103,3,1,12,8,-64,3.89,17165.0,TRUE,FALSE,FALSE,3643.4414
Mar 21 2026 18:52:32.599 UTC,1774140752.599,19293.1,35.34545,-117.82131,31,3,207,744,-104,3,1,12,8,-64,3.909,17240.1,TRUE,FALSE,FALSE,3664.3143
Mar 21 2026 18:52:32.699 UTC,1774140752.699,19367.8,35.34543,-117.82138,31,3,207,739,-104,3,1,12,7,-64,3.909,17314.8,TRUE,FALSE,FALSE,3685.4967
Mar 21 2026 18:52:32.799 UTC,1774140752.799,19442.1,35.34542,-117.82145,31,3,206,735,-104,3,3,11,6,-64,3.909,17389.1,TRUE,FALSE,FALSE,3706.6793
Mar 21 2026 18:52:32.899 UTC,1774140752.899,19515.9,35.34541,-117.82152,31,3,206,730,-104,3,2,13,4,-64,3.909,17462.9,TRUE,FALSE,FALSE,3727.5520
Mar 21 2026 18:52:33.000 UTC,1774140753.0,19589.2,35.34539,-117.82158,31,3,205,726,-104,3,2,13,4,-64,3.909,17536.2,TRUE,FALSE,FALSE,3746.5191
Mar 21 2026 18:52:33.399 UTC,1774140753.399,19877.2,35.34534,-117.82185,31,3,203,709,-104,3,4,12,3,-66,3.909,17824.2,TRUE,FALSE,FALSE,3828.4146
Mar 21 2026 18:52:33.599 UTC,1774140753.599,20018.6,35.34531,-117.82198,31,3,202,700,-103,3,4,12,3,-66,3.909,17965.6,TRUE,FALSE,FALSE,3870.4704
Mar 21 2026 18:52:33.799 UTC,1774140753.799,20158.1,35.34528,-117.82211,30,3,201,691,-103,3,6,10,3,-66,3.909,18105.1,TRUE,FALSE,FALSE,3910.3107
Mar 21 2026 18:52:33.899 UTC,1774140753.899,20227.5,35.34527,-117.82217,31,3,200,687,-103,3,6,10,3,-66,3.909,18174.5,TRUE,FALSE,FALSE,3929.2791
Mar 21 2026 18:52:34.099 UTC,1774140754.099,20364.6,35.34524,-117.82230,31,3,199,679,-103,3,5,13,2,-73,3.909,18311.6,TRUE,FALSE,FALSE,3969.1200
Mar 21 2026 18:52:34.299 UTC,1774140754.299,20499.9,35.34521,-117.82243,31,3,198,670,-103,3,5,13,2,-73,3.909,18446.9,TRUE,FALSE,FALSE,4008.9611
Mar 21 2026 18:52:34.499 UTC,1774140754.499,20633.6,35.34519,-117.82256,31,3,198,662,-103,3,6,13,2,-73,3.909,18580.6,TRUE,FALSE,FALSE,4048.4899
Mar 21 2026 18:52:34.699 UTC,1774140754.699,20765.6,35.34517,-117.82269,31,3,197,653,-103,3,7,13,1,-73,3.909,18712.6,TRUE,FALSE,FALSE,4088.3310
Mar 21 2026 18:52:34.799 UTC,1774140754.799,20831.1,35.34515,-117.82276,31,3,197,649,-103,3,7,12,2,-73,3.909,18778.1,TRUE,FALSE,FALSE,4109.2029
Mar 21 2026 18:52:34.899 UTC,1774140754.899,20896.2,35.34514,-117.82282,31,3,196,645,-103,3,7,12,2,-73,3.909,18843.2,TRUE,FALSE,FALSE,4128.1724
Mar 21 2026 18:52:35.099 UTC,1774140755.099,21024.8,35.34512,-117.82295,31,3,196,637,-103,3,5,13,3,-64,3.909,18971.8,TRUE,FALSE,FALSE,4167.7011
Mar 21 2026 18:52:35.299 UTC,1774140755.299,21151.8,35.34509,-117.82307,31,3,195,628,-103,3,2,16,3,-64,3.909,19098.8,TRUE,FALSE,FALSE,4205.0149
Mar 21 2026 18:52:35.399 UTC,1774140755.399,21214.8,35.34508,-117.82314,31,3,195,624,-103,3,2,16,3,-64,3.909,19161.8,TRUE,FALSE,FALSE,4226.1994
Mar 21 2026 18:52:35.599 UTC,1774140755.599,21339.2,35.34505,-117.82327,31,3,194,616,-102,3,2,16,3,-64,3.909,19286.2,TRUE,FALSE,FALSE,4263.5133
Mar 21 2026 18:52:35.799 UTC,1774140755.799,21462.0,35.34503,-117.82339,31,3,194,608,-102,3,2,18,3,-64,3.912,19409.0,TRUE,FALSE,FALSE,4303.0420
Mar 21 2026 18:52:35.899 UTC,1774140755.899,21522.9,35.34502,-117.82346,31,3,194,604,-102,3,1,19,3,-64,3.912,19469.9,TRUE,FALSE,FALSE,4321.6989
Mar 21 2026 18:52:36.000 UTC,1774140756.0,21583.4,35.34501,-117.82352,31,3,193,600,-102,3,1,19,3,-64,3.912,19530.4,TRUE,FALSE,FALSE,4342.5708
Mar 21 2026 18:52:36.199 UTC,1774140756.199,21703.0,35.34498,-117.82365,31,3,193,592,-102,3,0,18,3,-62,3.912,19650.0,TRUE,FALSE,FALSE,4380.1974
Mar 21 2026 18:52:36.299 UTC,1774140756.299,21762.3,35.34497,-117.82372,31,3,193,588,-102,3,0,18,3,-62,3.912,19709.3,TRUE,FALSE,FALSE,4401.0692
Mar 21 2026 18:52:36.499 UTC,1774140756.499,21879.3,35.34495,-117.82384,31,3,193,580,-102,3,0,19,2,-62,3.912,19826.3,TRUE,FALSE,FALSE,4438.3831
Mar 21 2026 18:52:36.599 UTC,1774140756.599,21937.4,35.34494,-117.82390,31,3,192,575,-102,3,0,18,3,-62,3.912,19884.4,TRUE,FALSE,FALSE,4457.0400
Mar 21 2026 18:52:36.699 UTC,1774140756.699,21995.0,35.34492,-117.82397,31,3,192,572,-102,3,0,17,4,-62,3.912,19942.0,TRUE,FALSE,FALSE,4477.9119
Mar 21 2026 18:52:36.799 UTC,1774140756.799,22052.2,35.34491,-117.82403,31,3,192,568,-102,3,0,15,6,-62,3.912,19999.2,TRUE,FALSE,FALSE,4496.5688
Mar 21 2026 18:52:36.899 UTC,1774140756.899,22109.1,35.34490,-117.82409,31,3,192,564,-102,3,1,14,6,-62,3.912,20056.1,TRUE,FALSE,FALSE,4515.2258
Mar 21 2026 18:52:37.000 UTC,1774140757.0,22165.5,35.34489,-117.82415,31,3,191,560,-102,3,1,15,5,-62,3.912,20112.5,TRUE,FALSE,FALSE,4533.8828
Mar 21 2026 18:52:37.199 UTC,1774140757.199,22277.0,35.34487,-117.82428,31,3,191,552,-102,3,1,15,6,-61,3.912,20224.0,TRUE,FALSE,FALSE,4573.4116
Mar 21 2026 18:52:37.299 UTC,1774140757.299,22332.2,35.34486,-117.82434,31,3,191,548,-102,3,1,14,7,-61,3.912,20279.2,TRUE,FALSE,FALSE,4592.0686
Mar 21 2026 18:52:37.399 UTC,1774140757.399,22387.1,35.34484,-117.82440,31,3,191,544,-102,3,1,14,7,-61,3.912,20334.1,TRUE,FALSE,FALSE,4611.0383
Mar 21 2026 18:52:37.499 UTC,1774140757.499,22441.6,35.34483,-117.82446,31,3,190,540,-102,3,1,15,6,-61,3.912,20388.6,TRUE,FALSE,FALSE,4629.6952
Mar 21 2026 18:52:37.699 UTC,1774140757.699,22549.1,35.34481,-117.82458,31,3,190,532,-102,3,1,18,3,-61,3.912,20496.1,TRUE,FALSE,FALSE,4667.0092
Mar 21 2026 18:52:37.799 UTC,1774140757.799,22602.4,35.34480,-117.82465,31,3,190,528,-102,3,1,17,4,-61,3.912,20549.4,TRUE,FALSE,FALSE,4687.8810
Mar 21 2026 18:52:37.899 UTC,1774140757.899,22655.3,35.34478,-117.82471,31,3,190,525,-102,3,0,18,4,-61,3.912,20602.3,TRUE,FALSE,FALSE,4706.5380
Mar 21 2026 18:52:38.000 UTC,1774140758.0,22707.8,35.34477,-117.82478,31,3,189,521,-103,3,0,18,4,-61,3.912,20654.8,TRUE,FALSE,FALSE,4725.1950
Mar 21 2026 18:52:38.199 UTC,1774140758.199,22811.5,35.34475,-117.82490,31,3,189,513,-103,3,0,18,4,-57,3.912,20758.5,TRUE,FALSE,FALSE,4762.5090
Mar 21 2026 18:52:38.299 UTC,1774140758.299,22862.8,35.34474,-117.82496,31,3,188,509,-103,3,0,18,4,-57,3.912,20809.8,TRUE,FALSE,FALSE,4781.1660
Mar 21 2026 18:52:38.399 UTC,1774140758.399,22913.8,35.34473,-117.82502,31,3,188,506,-103,3,0,18,4,-57,3.912,20860.8,TRUE,FALSE,FALSE,4799.8230
Mar 21 2026 18:52:38.499 UTC,1774140758.499,22964.4,35.34472,-117.82508,31,3,188,502,-103,3,0,18,4,-57,3.912,20911.4,TRUE,FALSE,FALSE,4818.4800
Mar 21 2026 18:52:38.599 UTC,1774140758.599,23014.6,35.34470,-117.82514,31,3,188,498,-103,3,0,18,4,-57,3.912,20961.6,TRUE,FALSE,FALSE,4837.1371
Mar 21 2026 18:52:38.699 UTC,1774140758.699,23064.5,35.34469,-117.82520,31,3,187,495,-103,3,1,17,4,-57,3.912,21011.5,TRUE,FALSE,FALSE,4855.7941
Mar 21 2026 18:52:38.799 UTC,1774140758.799,23113.9,35.34468,-117.82526,31,3,187,490,-103,3,1,17,4,-57,3.912,21060.9,TRUE,FALSE,FALSE,4874.7640
Mar 21 2026 18:52:38.899 UTC,1774140758.899,23163.0,35.34467,-117.82533,31,3,187,487,-103,3,1,17,4,-57,3.912,21110.0,TRUE,FALSE,FALSE,4893.4210
Mar 21 2026 18:52:39.000 UTC,1774140759.0,23211.7,35.34465,-117.82539,31,3,187,483,-103,3,1,17,4,-57,3.912,21158.7,TRUE,FALSE,FALSE,4912.0780
Mar 21 2026 18:52:39.199 UTC,1774140759.199,23307.9,35.34463,-117.82551,31,3,186,476,-103,3,2,15,5,-57,3.912,21254.9,TRUE,FALSE,FALSE,4949.3921
Mar 21 2026 18:52:39.299 UTC,1774140759.299,23355.5,35.34462,-117.82557,31,3,186,472,-103,3,2,13,7,-57,3.912,21302.5,TRUE,FALSE,FALSE,4968.0491
Mar 21 2026 18:52:39.399 UTC,1774140759.399,23402.7,35.34461,-117.82563,31,3,185,468,-103,3,2,14,5,-57,3.912,21349.7,TRUE,FALSE,FALSE,4986.7061
Mar 21 2026 18:52:39.499 UTC,1774140759.499,23449.5,35.34460,-117.82569,31,3,185,465,-103,3,2,14,5,-57,3.912,21396.5,TRUE,FALSE,FALSE,5005.3632
Mar 21 2026 18:52:39.599 UTC,1774140759.599,23496.0,35.34459,-117.82575,31,3,185,461,-103,3,2,14,5,-57,3.912,21443.0,TRUE,FALSE,FALSE,5024.0202
Mar 21 2026 18:52:39.699 UTC,1774140759.699,23542.1,35.34457,-117.82581,31,3,184,457,-103,3,2,14,5,-57,3.912,21489.1,TRUE,FALSE,FALSE,5042.6772
Mar 21 2026 18:52:39.799 UTC,1774140759.799,23587.9,35.34456,-117.82587,31,3,184,454,-103,3,2,13,6,-57,3.912,21534.9,TRUE,FALSE,FALSE,5061.3343
Mar 21 2026 18:52:39.899 UTC,1774140759.899,23633.3,35.34455,-117.82594,31,3,184,450,-103,3,2,13,6,-57,3.912,21580.3,TRUE,FALSE,FALSE,5079.9913
Mar 21 2026 18:52:40.000 UTC,1774140760.0,23678.3,35.34454,-117.82600,31,3,184,446,-103,3,2,13,6,-57,3.912,21625.3,TRUE,FALSE,FALSE,5098.6484
Mar 21 2026 18:52:40.199 UTC,1774140760.199,23767.1,35.34451,-117.82611,31,3,183,439,-103,3,3,12,6,-58,3.912,21714.1,TRUE,FALSE,FALSE,5134.0611
Mar 21 2026 18:52:40.499 UTC,1774140760.499,23897.8,35.34448,-117.82629,31,3,182,428,-103,3,2,16,3,-58,3.911,21844.8,TRUE,FALSE,FALSE,5190.0322
Mar 21 2026 18:52:40.599 UTC,1774140760.599,23940.6,35.34447,-117.82635,31,3,182,425,-103,3,3,16,2,-58,3.911,21887.6,TRUE,FALSE,FALSE,5206.4748
Mar 21 2026 18:52:40.699 UTC,1774140760.699,23983.1,35.34446,-117.82641,31,3,182,421,-103,3,3,16,2,-58,3.911,21930.1,TRUE,FALSE,FALSE,5225.1318
Mar 21 2026 18:52:40.899 UTC,1774140760.899,24066.9,35.34443,-117.82653,31,3,181,414,-103,3,4,15,2,-58,3.911,22013.9,TRUE,FALSE,FALSE,5262.4460
Mar 21 2026 18:52:41.000 UTC,1774140761.0,24108.3,35.34442,-117.82659,31,3,181,410,-103,3,4,15,2,-58,3.911,22055.3,TRUE,FALSE,FALSE,5281.1030
Mar 21 2026 18:52:41.199 UTC,1774140761.199,24189.9,35.34440,-117.82671,31,3,180,403,-103,3,4,15,2,-61,3.911,22136.9,TRUE,FALSE,FALSE,5316.2026
Mar 21 2026 18:52:41.299 UTC,1774140761.299,24230.2,35.34439,-117.82677,30,3,180,400,-103,3,5,14,2,-61,3.911,22177.2,TRUE,FALSE,FALSE,5334.8597
Mar 21 2026 18:52:41.399 UTC,1774140761.399,24270.2,35.34438,-117.82682,30,3,180,396,-103,3,5,15,1,-61,3.911,22217.2,TRUE,FALSE,FALSE,5351.3023
Mar 21 2026 18:52:41.499 UTC,1774140761.499,24309.8,35.34436,-117.82688,30,3,180,393,-103,3,5,15,1,-61,3.911,22256.8,TRUE,FALSE,FALSE,5369.9594
Mar 21 2026 18:52:41.599 UTC,1774140761.599,24349.0,35.34435,-117.82694,30,3,179,389,-103,3,8,12,1,-61,3.911,22296.0,TRUE,FALSE,FALSE,5388.6165
Mar 21 2026 18:52:41.699 UTC,1774140761.699,24387.9,35.34434,-117.82700,30,3,179,386,-103,3,9,11,2,-61,3.911,22334.9,TRUE,FALSE,FALSE,5405.0591
Mar 21 2026 18:52:41.799 UTC,1774140761.799,24426.5,35.34433,-117.82706,30,3,179,382,-103,3,10,10,2,-61,3.911,22373.5,TRUE,FALSE,FALSE,5423.7162
Mar 21 2026 18:52:41.899 UTC,1774140761.899,24464.7,35.34432,-117.82712,30,3,178,379,-103,3,10,10,2,-61,3.911,22411.7,TRUE,FALSE,FALSE,5442.3733
Mar 21 2026 18:52:42.000 UTC,1774140762.0,24502.5,35.34431,-117.82717,30,3,178,375,-103,3,10,10,2,-61,3.911,22449.5,TRUE,FALSE,FALSE,5458.8160
Mar 21 2026 18:52:42.199 UTC,1774140762.199,24577.0,35.34428,-117.82729,30,3,178,368,-103,3,9,11,2,-64,3.911,22524.0,TRUE,FALSE,FALSE,5496.1302
Mar 21 2026 18:52:42.299 UTC,1774140762.299,24613.8,35.34427,-117.82735,30,3,178,365,-103,3,10,12,1,-64,3.911,22560.8,TRUE,FALSE,FALSE,5512.5729
Mar 21 2026 18:52:42.399 UTC,1774140762.399,24650.3,35.34426,-117.82741,30,3,177,361,-103,3,10,12,1,-64,3.911,22597.3,TRUE,FALSE,FALSE,5530.9160
Mar 21 2026 18:52:42.499 UTC,1774140762.499,24686.4,35.34425,-117.82746,30,3,177,358,-103,3,10,12,1,-64,3.911,22633.4,TRUE,FALSE,FALSE,5547.3587
Mar 21 2026 18:52:42.599 UTC,1774140762.599,24722.2,35.34424,-117.82752,30,3,177,354,-103,3,9,13,1,-64,3.911,22669.2,TRUE,FALSE,FALSE,5566.0158
Mar 21 2026 18:52:42.699 UTC,1774140762.699,24757.6,35.34423,-117.82758,30,3,177,351,-103,3,10,12,1,-64,3.911,22704.6,TRUE,FALSE,FALSE,5584.6729
Mar 21 2026 18:52:42.799 UTC,1774140762.799,24792.6,35.34422,-117.82764,30,3,177,347,-103,3,10,11,2,-64,3.906,22739.6,TRUE,FALSE,FALSE,5601.1156
Mar 21 2026 18:52:42.899 UTC,1774140762.899,24827.3,35.34421,-117.82770,30,3,176,344,-103,3,9,12,2,-64,3.906,22774.3,TRUE,FALSE,FALSE,5619.7727
Mar 21 2026 18:52:43.000 UTC,1774140763.0,24861.7,35.34420,-117.82775,30,3,176,340,-103,3,10,12,2,-64,3.906,22808.7,TRUE,FALSE,FALSE,5636.2155
Mar 21 2026 18:52:43.199 UTC,1774140763.199,24929.3,35.34417,-117.82787,30,3,176,333,-103,3,9,12,2,-73,3.906,22876.3,TRUE,FALSE,FALSE,5671.3154
Mar 21 2026 18:52:43.399 UTC,1774140763.399,24995.5,35.34415,-117.82798,30,3,175,326,-103,3,10,12,2,-73,3.906,22942.5,TRUE,FALSE,FALSE,5706.1011
Mar 21 2026 18:52:43.499 UTC,1774140763.499,25028.1,35.34414,-117.82804,30,3,175,323,-102,3,10,11,2,-73,3.906,22975.1,TRUE,FALSE,FALSE,5724.7582
Mar 21 2026 18:52:43.599 UTC,1774140763.599,25060.3,35.34413,-117.82809,30,3,175,319,-102,3,9,12,2,-73,3.906,23007.3,TRUE,FALSE,FALSE,5741.2010
Mar 21 2026 18:52:43.699 UTC,1774140763.699,25092.2,35.34412,-117.82816,30,3,175,316,-102,3,9,11,3,-73,3.906,23039.2,TRUE,FALSE,FALSE,5759.8581
Mar 21 2026 18:52:43.799 UTC,1774140763.799,25123.8,35.34411,-117.82821,30,3,175,313,-102,3,9,11,3,-73,3.906,23070.8,TRUE,FALSE,FALSE,5776.3009
Mar 21 2026 18:52:43.899 UTC,1774140763.899,25155.1,35.34410,-117.82827,30,3,175,309,-102,3,8,12,3,-73,3.906,23102.1,TRUE,FALSE,FALSE,5794.9581
Mar 21 2026 18:52:44.000 UTC,1774140764.0,25185.9,35.34409,-117.82832,30,3,174,306,-102,3,7,13,3,-73,3.906,23132.9,TRUE,FALSE,FALSE,5811.0867
Mar 21 2026 18:52:44.199 UTC,1774140764.199,25246.6,35.34407,-117.82844,30,3,174,299,-102,3,6,13,3,-72,3.906,23193.6,TRUE,FALSE,FALSE,5846.1866
Mar 21 2026 18:52:44.299 UTC,1774140764.299,25276.5,35.34406,-117.82850,30,3,174,295,-102,3,4,15,3,-72,3.906,23223.5,TRUE,FALSE,FALSE,5864.8437
Mar 21 2026 18:52:44.399 UTC,1774140764.399,25306.0,35.34404,-117.82855,30,3,174,292,-102,3,4,15,3,-72,3.906,23253.0,TRUE,FALSE,FALSE,5881.2866
Mar 21 2026 18:52:44.499 UTC,1774140764.499,25335.2,35.34404,-117.82861,30,3,174,288,-102,3,4,16,2,-72,3.906,23282.2,TRUE,FALSE,FALSE,5899.6295
Mar 21 2026 18:52:44.599 UTC,1774140764.599,25364.0,35.34402,-117.82867,30,3,174,285,-102,3,4,16,2,-72,3.906,23311.0,TRUE,FALSE,FALSE,5916.0723
Mar 21 2026 18:52:44.699 UTC,1774140764.699,25392.5,35.34401,-117.82873,30,3,173,282,-102,3,4,16,2,-72,3.906,23339.5,TRUE,FALSE,FALSE,5934.7295
Mar 21 2026 18:52:44.799 UTC,1774140764.799,25420.7,35.34400,-117.82878,30,3,173,278,-102,3,4,16,2,-72,3.906,23367.7,TRUE,FALSE,FALSE,5951.1723
Mar 21 2026 18:52:44.899 UTC,1774140764.899,25448.5,35.34399,-117.82883,30,3,173,275,-102,3,4,16,2,-72,3.906,23395.5,TRUE,FALSE,FALSE,5967.3010
Mar 21 2026 18:52:45.000 UTC,1774140765.0,25475.9,35.34398,-117.82890,30,3,173,271,-102,3,4,16,2,-72,3.906,23422.9,TRUE,FALSE,FALSE,5985.9581
Mar 21 2026 18:52:45.199 UTC,1774140765.199,25529.7,35.34396,-117.82901,30,3,173,265,-102,3,4,17,1,-69,3.911,23476.7,TRUE,FALSE,FALSE,6021.0581
Mar 21 2026 18:52:45.299 UTC,1774140765.299,25556.2,35.34395,-117.82906,30,3,172,261,-102,3,4,17,1,-69,3.911,23503.2,TRUE,FALSE,FALSE,6037.1868
Mar 21 2026 18:52:45.399 UTC,1774140765.399,25582.3,35.34394,-117.82912,30,3,172,258,-102,3,3,18,1,-69,3.911,23529.3,TRUE,FALSE,FALSE,6055.8440
Mar 21 2026 18:52:45.499 UTC,1774140765.499,25608.0,35.34393,-117.82918,30,3,172,255,-102,3,3,18,1,-69,3.911,23555.0,TRUE,FALSE,FALSE,6072.2867
Mar 21 2026 18:52:45.599 UTC,1774140765.599,25633.4,35.34392,-117.82923,30,3,172,251,-102,3,3,18,1,-69,3.911,23580.4,TRUE,FALSE,FALSE,6088.7295
Mar 21 2026 18:52:45.699 UTC,1774140765.699,25658.5,35.34391,-117.82929,30,3,172,248,-102,3,2,18,2,-69,3.911,23605.5,TRUE,FALSE,FALSE,6107.0727
Mar 21 2026 18:52:45.799 UTC,1774140765.799,25683.3,35.34390,-117.82935,30,3,172,245,-102,3,2,18,2,-69,3.911,23630.3,TRUE,FALSE,FALSE,6123.5155
Mar 21 2026 18:52:45.899 UTC,1774140765.899,25707.7,35.34389,-117.82940,30,3,172,241,-102,3,2,18,2,-69,3.911,23654.7,TRUE,FALSE,FALSE,6139.9582
Mar 21 2026 18:52:46.000 UTC,1774140766.0,25731.7,35.34388,-117.82946,30,3,172,238,-102,3,1,19,2,-69,3.911,23678.7,TRUE,FALSE,FALSE,6158.3015
Mar 21 2026 18:52:46.199 UTC,1774140766.199,25778.8,35.34386,-117.82957,30,3,171,231,-102,3,1,19,2,-66,3.911,23725.8,TRUE,FALSE,FALSE,6193.4014
Mar 21 2026 18:52:46.299 UTC,1774140766.299,25801.9,35.34385,-117.82963,30,3,171,228,-102,3,1,19,2,-66,3.911,23748.9,TRUE,FALSE,FALSE,6209.8442
Mar 21 2026 18:52:46.399 UTC,1774140766.399,25824.6,35.34384,-117.82968,30,3,171,224,-102,3,1,19,2,-66,3.911,23771.6,TRUE,FALSE,FALSE,6225.9730
Mar 21 2026 18:52:46.499 UTC,1774140766.499,25847.0,35.34383,-117.82974,30,3,171,221,-102,3,1,19,2,-66,3.911,23794.0,TRUE,FALSE,FALSE,6244.6302
Mar 21 2026 18:52:46.599 UTC,1774140766.599,25869.0,35.34381,-117.82980,30,3,171,218,-102,3,1,20,1,-66,3.911,23816.0,TRUE,FALSE,FALSE,6261.0729
Mar 21 2026 18:52:46.799 UTC,1774140766.799,25912.0,35.34380,-117.82991,30,3,171,211,-102,3,0,21,1,-66,3.911,23859.0,TRUE,FALSE,FALSE,6295.8591
Mar 21 2026 18:52:46.899 UTC,1774140766.899,25933.1,35.34378,-117.82996,30,3,171,208,-102,3,0,21,1,-66,3.911,23880.1,TRUE,FALSE,FALSE,6312.3018
Mar 21 2026 18:52:47.000 UTC,1774140767.0,25953.8,35.34378,-117.83002,30,3,170,204,-102,3,0,21,1,-66,3.911,23900.8,TRUE,FALSE,FALSE,6328.4308
Mar 21 2026 18:52:47.199 UTC,1774140767.199,25994.1,35.34375,-117.83013,30,3,170,197,-102,3,0,21,1,-66,3.911,23941.1,TRUE,FALSE,FALSE,6363.5307
Mar 21 2026 18:52:47.299 UTC,1774140767.299,26013.8,35.34375,-117.83018,30,3,170,194,-102,3,0,21,1,-66,3.911,23960.8,TRUE,FALSE,FALSE,6379.6597
Mar 21 2026 18:52:47.399 UTC,1774140767.399,26033.1,35.34373,-117.83024,30,3,170,191,-102,3,0,21,1,-66,3.911,23980.1,TRUE,FALSE,FALSE,6396.1024
Mar 21 2026 18:52:47.499 UTC,1774140767.499,26052.2,35.34372,-117.83030,30,3,170,187,-102,3,0,21,1,-66,3.91,23999.2,TRUE,FALSE,FALSE,6414.7596
Mar 21 2026 18:52:47.599 UTC,1774140767.599,26070.9,35.34372,-117.83035,30,3,170,184,-102,3,0,21,1,-66,3.91,24017.9,TRUE,FALSE,FALSE,6430.8887
Mar 21 2026 18:52:47.699 UTC,1774140767.699,26089.3,35.34370,-117.83041,30,3,170,181,-102,3,0,22,0,-66,3.91,24036.3,TRUE,FALSE,FALSE,6447.3313
Mar 21 2026 18:52:47.799 UTC,1774140767.799,26107.3,35.34369,-117.83047,30,3,170,178,-102,3,0,22,0,-66,3.91,24054.3,TRUE,FALSE,FALSE,6465.9886
Mar 21 2026 18:52:47.899 UTC,1774140767.899,26125.0,35.34369,-117.83052,30,3,169,174,-102,3,0,22,0,-66,3.91,24072.0,TRUE,FALSE,FALSE,6482.1177
Mar 21 2026 18:52:48.000 UTC,1774140768.0,26142.4,35.34367,-117.83057,30,3,169,171,-102,3,0,22,0,-66,3.91,24089.4,TRUE,FALSE,FALSE,6498.5603
Mar 21 2026 18:52:48.199 UTC,1774140768.199,26176.1,35.34365,-117.83069,30,3,169,164,-102,3,0,22,0,-68,3.91,24123.1,TRUE,FALSE,FALSE,6533.3468
Mar 21 2026 18:52:48.299 UTC,1774140768.299,26192.5,35.34364,-117.83074,30,3,169,161,-102,3,0,22,0,-68,3.91,24139.5,TRUE,FALSE,FALSE,6549.7894
Mar 21 2026 18:52:48.399 UTC,1774140768.399,26208.6,35.34364,-117.83080,30,3,169,158,-102,3,0,22,0,-68,3.91,24155.6,TRUE,FALSE,FALSE,6565.9186
Mar 21 2026 18:52:48.499 UTC,1774140768.499,26224.3,35.34362,-117.83086,30,3,169,154,-102,3,0,21,1,-68,3.91,24171.3,TRUE,FALSE,FALSE,6584.5759
Mar 21 2026 18:52:48.599 UTC,1774140768.599,26239.6,35.34361,-117.83091,30,3,169,151,-102,3,0,20,2,-68,3.91,24186.6,TRUE,FALSE,FALSE,6601.0184
Mar 21 2026 18:52:48.699 UTC,1774140768.699,26254.7,35.34361,-117.83096,30,3,169,148,-102,3,0,20,2,-68,3.91,24201.7,TRUE,FALSE,FALSE,6617.1478
Mar 21 2026 18:52:48.799 UTC,1774140768.799,26269.4,35.34359,-117.83102,30,3,168,145,-102,3,0,20,2,-68,3.91,24216.4,TRUE,FALSE,FALSE,6633.5903
Mar 21 2026 18:52:49.199 UTC,1774140769.199,26325.0,35.34356,-117.83124,30,3,168,131,-102,3,0,19,3,-68,3.91,24272.0,TRUE,FALSE,FALSE,6700.9489
Mar 21 2026 18:52:49.299 UTC,1774140769.299,26338.0,35.34354,-117.83129,30,3,168,128,-102,3,0,19,3,-68,3.91,24285.0,TRUE,FALSE,FALSE,6717.3914
Mar 21 2026 18:52:49.399 UTC,1774140769.399,26350.8,35.34353,-117.83135,30,3,168,125,-102,3,0,19,3,-68,3.91,24297.8,TRUE,FALSE,FALSE,6736.0487
Mar 21 2026 18:52:49.499 UTC,1774140769.499,26363.2,35.34352,-117.83141,30,3,168,122,-102,3,0,19,3,-68,3.91,24310.2,TRUE,FALSE,FALSE,6752.1781
Mar 21 2026 18:52:49.599 UTC,1774140769.599,26375.3,35.34351,-117.83146,30,3,168,118,-102,3,0,19,3,-68,3.91,24322.3,TRUE,FALSE,FALSE,6768.6206
Mar 21 2026 18:52:49.699 UTC,1774140769.699,26387.0,35.34351,-117.83151,30,3,168,115,-102,3,0,19,3,-68,3.914,24334.0,TRUE,FALSE,FALSE,6784.7501
Mar 21 2026 18:52:49.899 UTC,1774140769.899,26409.5,35.34348,-117.83163,30,3,167,108,-102,3,0,19,3,-68,3.914,24356.5,TRUE,FALSE,FALSE,6819.8499
Mar 21 2026 18:52:50.000 UTC,1774140770.0,26420.3,35.34348,-117.83168,30,3,167,105,-102,3,0,18,4,-68,3.914,24367.3,TRUE,FALSE,FALSE,6835.9795
Mar 21 2026 18:52:50.199 UTC,1774140770.199,26440.8,35.34346,-117.83179,30,3,167,99,-102,3,0,19,4,-65,3.914,24387.8,TRUE,FALSE,FALSE,6868.5515
Mar 21 2026 18:52:50.299 UTC,1774140770.299,26450.6,35.34344,-117.83184,30,3,167,96,-102,3,0,19,4,-65,3.914,24397.6,TRUE,FALSE,FALSE,6884.9939
Mar 21 2026 18:52:50.399 UTC,1774140770.399,26460.1,35.34343,-117.83189,30,3,167,92,-102,3,0,19,4,-65,3.914,24407.1,TRUE,FALSE,FALSE,6901.4364
Mar 21 2026 18:52:50.599 UTC,1774140770.599,26478.0,35.34341,-117.83201,30,3,167,86,-102,3,0,20,3,-65,3.914,24425.0,TRUE,FALSE,FALSE,6936.2233
Mar 21 2026 18:52:50.699 UTC,1774140770.699,26486.5,35.34341,-117.83206,30,3,166,83,-102,3,0,20,3,-65,3.914,24433.5,TRUE,FALSE,FALSE,6952.3530
Mar 21 2026 18:52:50.799 UTC,1774140770.799,26494.7,35.34340,-117.83212,30,3,166,79,-102,3,0,20,3,-65,3.914,24441.7,TRUE,FALSE,FALSE,6968.7954
Mar 21 2026 18:52:50.899 UTC,1774140770.899,26502.6,35.34338,-117.83217,30,3,166,76,-102,3,0,19,4,-65,3.914,24449.6,TRUE,FALSE,FALSE,6985.2378
Mar 21 2026 18:52:51.000 UTC,1774140771.0,26510.1,35.34338,-117.83222,30,3,166,73,-102,3,0,20,3,-65,3.914,24457.1,TRUE,FALSE,FALSE,7001.3675
Mar 21 2026 18:52:51.199 UTC,1774140771.199,26524.2,35.34336,-117.83234,30,3,166,66,-102,3,0,19,3,-61,3.914,24471.2,TRUE,FALSE,FALSE,7036.1546
Mar 21 2026 18:52:51.299 UTC,1774140771.299,26530.7,35.34335,-117.83239,30,3,166,63,-102,3,0,19,3,-61,3.914,24477.7,TRUE,FALSE,FALSE,7052.5970
Mar 21 2026 18:52:51.399 UTC,1774140771.399,26537.0,35.34333,-117.83244,30,3,166,60,-102,3,0,18,4,-61,3.914,24484.0,TRUE,FALSE,FALSE,7069.0393
Mar 21 2026 18:52:51.499 UTC,1774140771.499,26542.9,35.34333,-117.83250,30,3,166,57,-102,3,0,18,4,-61,3.914,24489.9,TRUE,FALSE,FALSE,7085.1691
Mar 21 2026 18:52:51.599 UTC,1774140771.599,26548.5,35.34332,-117.83255,30,3,166,54,-102,3,0,18,4,-61,3.914,24495.5,TRUE,FALSE,FALSE,7101.6115
Mar 21 2026 18:52:51.699 UTC,1774140771.699,26553.8,35.34331,-117.83260,30,3,165,50,-102,3,0,18,4,-61,3.914,24500.8,TRUE,FALSE,FALSE,7117.7413
Mar 21 2026 18:52:51.799 UTC,1774140771.799,26558.7,35.34330,-117.83266,30,3,165,47,-102,3,0,18,4,-61,3.914,24505.7,TRUE,FALSE,FALSE,7134.1837
Mar 21 2026 18:52:51.899 UTC,1774140771.899,26563.3,35.34329,-117.83271,30,3,165,44,-102,3,0,18,4,-61,3.914,24510.3,TRUE,FALSE,FALSE,7150.3136
Mar 21 2026 18:52:52.000 UTC,1774140772.0,26567.6,35.34328,-117.83277,30,3,165,41,-102,3,0,18,2,-61,3.892,24514.6,TRUE,FALSE,FALSE,7168.9709
Mar 21 2026 18:52:52.199 UTC,1774140772.199,26575.2,35.34326,-117.83288,30,3,165,34,-102,3,0,17,3,-59,3.892,24522.2,TRUE,FALSE,FALSE,7201.5431
Mar 21 2026 18:52:52.299 UTC,1774140772.299,26578.5,35.34325,-117.83293,30,3,165,31,-102,3,0,17,3,-59,3.892,24525.5,TRUE,FALSE,FALSE,7217.9854
Mar 21 2026 18:52:52.399 UTC,1774140772.399,26581.5,35.34324,-117.83298,30,3,165,28,-102,3,0,16,4,-59,3.892,24528.5,TRUE,FALSE,FALSE,7234.1154
Mar 21 2026 18:52:52.499 UTC,1774140772.499,26584.2,35.34323,-117.83304,30,3,165,25,-102,3,0,16,4,-59,3.892,24531.2,TRUE,FALSE,FALSE,7250.5577
Mar 21 2026 18:52:52.599 UTC,1774140772.599,26586.5,35.34322,-117.83309,30,3,165,21,-102,3,0,15,5,-59,3.892,24533.5,TRUE,FALSE,FALSE,7266.6877
Mar 21 2026 18:52:52.699 UTC,1774140772.699,26588.6,35.34321,-117.83315,30,3,165,18,-102,3,0,16,4,-59,3.892,24535.6,TRUE,FALSE,FALSE,7283.1299
Mar 21 2026 18:52:52.799 UTC,1774140772.799,26590.3,35.34320,-117.83320,30,3,164,15,-102,3,0,16,4,-59,3.892,24537.3,TRUE,FALSE,FALSE,7299.2600
Mar 21 2026 18:52:52.899 UTC,1774140772.899,26591.7,35.34319,-117.83325,30,3,164,12,-102,3,0,16,5,-59,3.892,24538.7,TRUE,FALSE,FALSE,7315.7022
Mar 21 2026 18:52:53.000 UTC,1774140773.0,26592.8,35.34318,-117.83331,30,3,164,9,-102,3,0,16,5,-59,3.892,24539.8,TRUE,FALSE,FALSE,7332.1445
Mar 21 2026 18:52:53.199 UTC,1774140773.199,26594.0,35.34316,-117.83341,30,3,164,2,-102,3,0,17,5,-59,3.892,24541.0,TRUE,FALSE,FALSE,7364.7168
Mar 21 2026 18:52:53.299 UTC,1774140773.299,26594.1,35.34315,-117.83347,30,3,164,0,-102,3,0,16,6,-59,3.892,24541.1,TRUE,TRUE,FALSE,7380.8469
Mar 21 2026 18:52:53.399 UTC,1774140773.399,26593.8,35.34314,-117.83352,30,3,164,-3,-102,3,0,16,6,-59,3.892,24540.8,TRUE,TRUE,FALSE,7397.2891
Mar 21 2026 18:52:53.499 UTC,1774140773.499,26593.3,35.34313,-117.83357,30,3,164,-6,-102,3,0,17,5,-59,3.892,24540.3,TRUE,TRUE,FALSE,7413.4193
Mar 21 2026 18:52:53.599 UTC,1774140773.599,26592.5,35.34312,-117.83363,30,3,164,-10,-102,3,0,17,5,-59,3.892,24539.5,TRUE,TRUE,FALSE,7432.0766
Mar 21 2026 18:52:53.699 UTC,1774140773.699,26591.3,35.34311,-117.83369,30,3,164,-13,-102,3,0,17,5,-59,3.892,24538.3,TRUE,TRUE,FALSE,7448.2069
Mar 21 2026 18:52:53.799 UTC,1774140773.799,26589.8,35.34310,-117.83374,30,3,163,-16,-102,3,0,17,5,-59,3.892,24536.8,TRUE,TRUE,FALSE,7464.6490
Mar 21 2026 18:52:53.899 UTC,1774140773.899,26588.1,35.34309,-117.83379,30,3,163,-19,-102,3,0,17,5,-59,3.892,24535.1,TRUE,TRUE,FALSE,7481.0912
Mar 21 2026 18:52:54.000 UTC,1774140774.0,26585.9,35.34308,-117.83385,30,3,163,-22,-102,3,0,16,6,-59,3.892,24532.9,TRUE,TRUE,FALSE,7497.2215
Mar 21 2026 18:52:54.199 UTC,1774140774.199,26580.8,35.34306,-117.83395,30,3,163,-29,-102,3,1,15,6,-59,3.892,24527.8,TRUE,TRUE,FALSE,7529.7939
Mar 21 2026 18:52:54.299 UTC,1774140774.299,26577.7,35.34305,-117.83401,30,3,163,-32,-102,3,1,17,4,-59,3.905,24524.7,TRUE,TRUE,FALSE,7546.2360
Mar 21 2026 18:52:54.399 UTC,1774140774.399,26574.3,35.34304,-117.83406,30,3,163,-35,-102,3,1,17,4,-59,3.905,24521.3,TRUE,TRUE,FALSE,7562.3663
Mar 21 2026 18:52:54.499 UTC,1774140774.499,26570.6,35.34303,-117.83411,30,3,163,-38,-102,3,1,18,3,-59,3.905,24517.6,TRUE,TRUE,FALSE,7578.8085
Mar 21 2026 18:52:54.599 UTC,1774140774.599,26566.6,35.34303,-117.83417,30,3,163,-41,-102,3,1,18,3,-59,3.905,24513.6,TRUE,TRUE,FALSE,7594.9388
Mar 21 2026 18:52:54.699 UTC,1774140774.699,26562.3,35.34301,-117.83422,30,3,163,-44,-102,3,1,17,4,-59,3.905,24509.3,TRUE,TRUE,FALSE,7611.3809
Mar 21 2026 18:52:54.799 UTC,1774140774.799,26557.7,35.34301,-117.83427,30,3,162,-48,-102,3,1,18,2,-59,3.905,24504.7,TRUE,TRUE,FALSE,7627.5113
Mar 21 2026 18:52:54.899 UTC,1774140774.899,26552.7,35.34299,-117.83433,30,3,162,-51,-102,3,1,17,3,-59,3.905,24499.7,TRUE,TRUE,FALSE,7643.9534
Mar 21 2026 18:52:55.000 UTC,1774140775.0,26547.4,35.34299,-117.83438,30,3,162,-54,-102,3,2,16,3,-59,3.905,24494.4,TRUE,TRUE,FALSE,7660.0838
Mar 21 2026 18:52:55.199 UTC,1774140775.199,26535.9,35.34297,-117.83448,30,3,162,-60,-102,3,2,16,4,-64,3.905,24482.9,TRUE,TRUE,FALSE,7690.4411
Mar 21 2026 18:52:55.299 UTC,1774140775.299,26529.7,35.34296,-117.83453,30,3,162,-63,-102,3,2,16,4,-64,3.905,24476.7,TRUE,TRUE,FALSE,7706.8832
Mar 21 2026 18:52:56.000 UTC,1774140776.0,26477.1,35.34289,-117.83491,30,3,161,-89,-102,3,2,18,3,-64,3.905,24424.1,TRUE,TRUE,FALSE,7821.0429
Mar 21 2026 18:52:57.000 UTC,1774140777.0,26377.0,35.34280,-117.83543,30,3,145,-109,-101,3,4,15,4,-64,3.913,24324.0,TRUE,TRUE,FALSE,7981.3792
Mar 21 2026 18:52:58.000 UTC,1774140778.0,26255.8,35.34273,-117.83589,30,3,131,-131,-99,3,3,16,4,-60,3.913,24202.8,TRUE,TRUE,FALSE,8119.9117
Mar 21 2026 18:52:59.000 UTC,1774140779.0,26115.0,35.34267,-117.83629,31,3,114,-151,-97,3,4,13,5,-69,3.908,24062.0,TRUE,TRUE,FALSE,8239.4820
Mar 21 2026 18:53:00.000 UTC,1774140780.0,25961.5,35.34265,-117.83664,31,3,93,-159,-93,3,3,15,5,-67,3.908,23908.5,TRUE,TRUE,FALSE,8343.6058
Mar 21 2026 18:53:01.000 UTC,1774140781.0,25801.9,35.34264,-117.83691,31,3,66,-159,-97,3,1,17,4,-67,3.908,23748.9,TRUE,TRUE,FALSE,8424.3538
Mar 21 2026 18:53:02.000 UTC,1774140782.0,25646.1,35.34265,-117.83706,30,3,29,-151,-60,3,0,6,15,-65,3.912,23593.1,TRUE,TRUE,FALSE,8465.2894
Mar 21 2026 18:53:03.000 UTC,1774140783.0,25498.8,35.34270,-117.83713,30,3,36,-140,-22,3,5,15,3,-55,3.912,23445.8,TRUE,TRUE,FALSE,8481.6580
Mar 21 2026 18:53:04.000 UTC,1774140784.0,25357.5,35.34277,-117.83719,30,3,34,-141,-19,3,3,15,3,-58,3.91,23304.5,TRUE,TRUE,FALSE,8493.7921
Mar 21 2026 18:53:05.000 UTC,1774140785.0,25220.9,35.34283,-117.83723,31,3,15,-134,-18,3,5,16,2,-58,3.91,23167.9,TRUE,TRUE,FALSE,8500.5201
Mar 21 2026 18:53:08.000 UTC,1774140788.0,24805.8,35.34295,-117.83701,29,3,45,-134,61,3,0,17,4,-65,3.91,22752.8,TRUE,TRUE,FALSE,8427.0992
Mar 21 2026 18:53:09.000 UTC,1774140789.0,24672.4,35.34304,-117.83689,31,3,49,-136,43,3,3,16,4,-65,3.909,22619.4,TRUE,TRUE,FALSE,8386.3481
Mar 21 2026 18:53:10.000 UTC,1774140790.0,24542.5,35.34311,-117.83681,30,3,26,-126,61,3,0,21,2,-65,3.909,22489.5,TRUE,TRUE,FALSE,8359.6059
Mar 21 2026 18:53:11.000 UTC,1774140791.0,24406.3,35.34312,-117.83669,30,3,48,-134,86,3,0,16,6,-67,3.909,22353.3,TRUE,TRUE,FALSE,8320.9114
Mar 21 2026 18:53:12.000 UTC,1774140792.0,24267.0,35.34315,-117.83649,30,3,67,-135,70,3,5,17,2,-67,3.909,22214.0,TRUE,TRUE,FALSE,8260.2234
Mar 21 2026 18:53:13.000 UTC,1774140793.0,24134.8,35.34324,-117.83630,30,3,61,-129,54,3,9,11,3,-58,3.909,22081.8,TRUE,TRUE,FALSE,8198.4402
Mar 21 2026 18:53:14.000 UTC,1774140794.0,24008.8,35.34333,-117.83616,30,3,43,-123,60,3,0,16,5,-63,3.908,21955.8,TRUE,TRUE,FALSE,8151.7607
Mar 21 2026 18:53:15.000 UTC,1774140795.0,23886.0,35.34337,-117.83601,30,3,51,-126,81,3,0,18,4,-60,3.908,21833.0,TRUE,TRUE,FALSE,8106.6909
Mar 21 2026 18:53:16.000 UTC,1774140796.0,23759.0,35.34340,-117.83582,31,3,69,-126,77,3,0,15,7,-60,3.91,21706.0,TRUE,TRUE,FALSE,8046.8270
Mar 21 2026 18:53:17.000 UTC,1774140797.0,23634.0,35.34346,-117.83559,29,3,69,-122,63,3,4,12,6,-60,3.91,21581.0,TRUE,TRUE,FALSE,7975.0742
Mar 21 2026 18:53:18.000 UTC,1774140798.0,23510.5,35.34355,-117.83541,30,3,52,-122,59,3,0,16,6,-60,3.91,21457.5,TRUE,TRUE,FALSE,7917.8905
Mar 21 2026 18:53:19.000 UTC,1774140799.0,23387.5,35.34360,-117.83527,30,3,39,-122,70,3,7,12,3,-60,3.907,21334.5,TRUE,TRUE,FALSE,7874.2837
Mar 21 2026 18:53:20.000 UTC,1774140800.0,23264.1,35.34361,-117.83511,30,3,52,-122,85,3,0,17,6,-70,3.907,21211.1,TRUE,TRUE,FALSE,7826.3619
Mar 21 2026 18:53:21.000 UTC,1774140801.0,23140.5,35.34365,-117.83490,30,3,65,-122,68,3,0,16,7,-70,3.905,21087.5,TRUE,TRUE,FALSE,7761.2340
Mar 21 2026 18:53:23.000 UTC,1774140803.0,22897.2,35.34379,-117.83459,30,3,36,-121,69,3,2,16,4,-64,3.905,20844.2,TRUE,TRUE,FALSE,7662.5283
Mar 21 2026 18:53:24.000 UTC,1774140804.0,22775.9,35.34381,-117.83447,30,3,45,-120,86,3,0,18,4,-64,3.912,20722.9,TRUE,TRUE,FALSE,7623.2677
Mar 21 2026 18:53:25.000 UTC,1774140805.0,22655.8,35.34382,-117.83429,30,3,58,-119,75,3,2,17,3,-63,3.912,20602.8,TRUE,TRUE,FALSE,7570.8660
Mar 21 2026 18:53:27.000 UTC,1774140807.0,22416.1,35.34396,-117.83398,30,3,39,-119,54,3,1,19,3,-62,3.907,20363.1,TRUE,TRUE,FALSE,7472.2791
Mar 21 2026 18:53:30.000 UTC,1774140810.0,22058.7,35.34407,-117.83357,28,3,52,-113,59,3,0,17,4,-67,3.909,20005.7,TRUE,TRUE,FALSE,7344.2661
Mar 21 2026 18:53:31.000 UTC,1774140811.0,21937.8,35.34415,-117.83344,30,3,38,-121,48,3,3,18,2,-64,3.911,19884.8,TRUE,TRUE,FALSE,7301.0384
Mar 21 2026 18:53:32.000 UTC,1774140812.0,21816.5,35.34420,-117.83335,30,3,34,-118,70,3,0,19,3,-59,3.911,19763.5,TRUE,TRUE,FALSE,7271.2514
Mar 21 2026 18:53:33.000 UTC,1774140813.0,21696.4,35.34423,-117.83322,30,3,50,-119,72,3,0,17,5,-66,3.91,19643.4,TRUE,TRUE,FALSE,7231.2602
Mar 21 2026 18:53:34.000 UTC,1774140814.0,21570.8,35.34429,-117.83305,29,3,56,-122,56,3,0,15,5,-66,3.91,19517.8,TRUE,TRUE,FALSE,7178.1496
Mar 21 2026 18:53:35.000 UTC,1774140815.0,21445.7,35.34438,-117.83294,30,3,41,-124,38,3,0,16,6,-61,3.908,19392.7,TRUE,TRUE,FALSE,7138.6170
Mar 21 2026 18:53:36.000 UTC,1774140816.0,21319.8,35.34445,-117.83286,30,3,29,-125,50,3,0,19,2,-62,3.908,19266.8,TRUE,TRUE,FALSE,7112.2484
Mar 21 2026 18:53:37.000 UTC,1774140817.0,21188.9,35.34450,-117.83276,30,3,42,-129,57,3,0,20,1,-70,3.908,19135.9,TRUE,TRUE,FALSE,7080.1186
Mar 21 2026 18:53:38.000 UTC,1774140818.0,21056.2,35.34457,-117.83262,29,3,51,-132,51,3,0,19,2,-67,3.907,19003.2,TRUE,TRUE,FALSE,7032.9782
Mar 21 2026 18:53:39.000 UTC,1774140819.0,20924.0,35.34467,-117.83250,28,3,45,-132,42,3,0,17,3,-60,3.907,18871.0,TRUE,TRUE,FALSE,6993.9961
Mar 21 2026 18:53:40.000 UTC,1774140820.0,20795.9,35.34475,-117.83243,30,3,36,-125,45,3,0,20,2,-58,3.91,18742.9,TRUE,TRUE,FALSE,6966.7807
Mar 21 2026 18:53:41.000 UTC,1774140821.0,20666.7,35.34481,-117.83233,30,3,41,-128,54,3,0,20,2,-64,3.91,18613.7,TRUE,TRUE,FALSE,6934.3947
Mar 21 2026 18:53:42.000 UTC,1774140822.0,20537.7,35.34488,-117.83220,30,3,52,-126,48,3,1,20,1,-64,3.906,18484.7,TRUE,TRUE,FALSE,6892.2281
Mar 21 2026 18:53:43.000 UTC,1774140823.0,20408.9,35.34499,-117.83208,31,3,50,-125,38,3,0,20,2,-58,3.906,18355.9,TRUE,TRUE,FALSE,6852.8097
Mar 21 2026 18:53:44.000 UTC,1774140824.0,20282.7,35.34508,-117.83200,30,3,37,-126,38,3,1,19,2,-62,3.908,18229.7,TRUE,TRUE,FALSE,6823.1407
Mar 21 2026 18:53:45.000 UTC,1774140825.0,20154.2,35.34515,-117.83192,30,3,42,-128,55,3,0,21,0,-63,3.908,18101.2,TRUE,TRUE,FALSE,6794.9307
Mar 21 2026 18:53:46.000 UTC,1774140826.0,20025.1,35.34522,-117.83177,30,3,58,-126,53,3,1,19,2,-69,3.887,17972.1,TRUE,TRUE,FALSE,6748.5818
Mar 21 2026 18:53:47.000 UTC,1774140827.0,19895.3,35.34533,-117.83163,30,3,56,-123,40,3,0,21,1,-69,3.887,17842.3,TRUE,TRUE,FALSE,6700.6789
Mar 21 2026 18:53:48.000 UTC,1774140828.0,19768.2,35.34544,-117.83152,30,3,43,-121,39,3,1,17,4,-62,3.887,17715.2,TRUE,TRUE,FALSE,6663.8765
Mar 21 2026 18:53:49.000 UTC,1774140829.0,19638.0,35.34552,-117.83142,30,3,40,-126,56,3,0,22,1,-62,3.907,17585.0,TRUE,TRUE,FALSE,6631.3502
Mar 21 2026 18:53:50.000 UTC,1774140830.0,19509.2,35.34558,-117.83128,29,3,52,-124,61,3,2,17,2,-60,3.907,17456.2,TRUE,TRUE,FALSE,6585.6800
Mar 21 2026 18:53:51.000 UTC,1774140831.0,19385.8,35.34567,-117.83113,31,3,56,-119,47,3,0,20,3,-66,3.908,17332.8,TRUE,TRUE,FALSE,6538.9628
Mar 21 2026 18:53:52.000 UTC,1774140832.0,19259.7,35.34577,-117.83101,31,3,43,-124,44,3,3,19,1,-63,3.908,17206.7,TRUE,TRUE,FALSE,6498.9982
Mar 21 2026 18:53:53.000 UTC,1774140833.0,19133.1,35.34583,-117.83091,30,3,34,-125,62,3,0,20,2,-61,3.908,17080.1,TRUE,TRUE,FALSE,6467.4037
Mar 21 2026 18:53:54.000 UTC,1774140834.0,19006.8,35.34586,-117.83077,30,3,50,-125,69,3,0,20,2,-59,3.908,16953.8,TRUE,TRUE,FALSE,6425.2674
Mar 21 2026 18:53:55.000 UTC,1774140835.0,18880.9,35.34593,-117.83060,30,3,58,-125,58,3,1,20,1,-59,3.908,16827.9,TRUE,TRUE,FALSE,6372.9770
Mar 21 2026 18:53:56.000 UTC,1774140836.0,18757.3,35.34602,-117.83047,30,3,44,-121,48,3,1,18,3,-60,3.908,16704.3,TRUE,TRUE,FALSE,6329.1276
Mar 21 2026 18:53:57.000 UTC,1774140837.0,18630.4,35.34607,-117.83038,30,3,27,-121,64,3,0,18,3,-63,3.908,16577.4,TRUE,TRUE,FALSE,6300.2655
Mar 21 2026 18:53:58.000 UTC,1774140838.0,18504.4,35.34609,-117.83026,30,3,45,-124,78,3,0,19,3,-63,3.907,16451.4,TRUE,TRUE,FALSE,6265.5447
Mar 21 2026 18:53:59.000 UTC,1774140839.0,18377.9,35.34613,-117.83010,29,3,51,-121,65,3,0,18,3,-67,3.907,16324.9,TRUE,TRUE,FALSE,6216.6134
Mar 21 2026 18:54:00.000 UTC,1774140840.0,18251.5,35.34620,-117.82996,31,3,40,-126,55,3,2,18,2,-61,3.906,16198.5,TRUE,TRUE,FALSE,6173.8783
Mar 21 2026 18:54:01.000 UTC,1774140841.0,18125.7,35.34624,-117.82987,30,3,25,-125,67,3,2,16,3,-62,3.906,16072.7,TRUE,TRUE,FALSE,6145.2606
Mar 21 2026 18:54:02.000 UTC,1774140842.0,18001.3,35.34626,-117.82977,29,3,37,-123,87,3,0,19,2,-54,3.905,15948.3,TRUE,TRUE,FALSE,6115.3470
Mar 21 2026 18:54:03.000 UTC,1774140843.0,17877.0,35.34628,-117.82963,30,3,44,-122,75,3,0,18,3,-64,3.905,15824.0,TRUE,TRUE,FALSE,6071.6119
Mar 21 2026 18:54:04.000 UTC,1774140844.0,17753.0,35.34633,-117.82951,30,3,36,-122,58,3,1,20,1,-58,3.904,15700.0,TRUE,TRUE,FALSE,6033.8715
Mar 21 2026 18:54:05.000 UTC,1774140845.0,17628.6,35.34637,-117.82943,30,3,22,-122,61,3,2,16,3,-57,3.904,15575.6,TRUE,TRUE,FALSE,6009.8731
Mar 21 2026 18:54:06.000 UTC,1774140846.0,17503.6,35.34639,-117.82935,29,3,29,-122,77,3,0,17,4,-64,3.891,15450.6,TRUE,TRUE,FALSE,5986.6672
Mar 21 2026 18:54:07.000 UTC,1774140847.0,17378.3,35.34642,-117.82925,30,3,37,-124,68,3,3,16,2,-69,3.891,15325.3,TRUE,TRUE,FALSE,5954.2940
Mar 21 2026 18:54:08.000 UTC,1774140848.0,17252.7,35.34647,-117.82915,30,3,35,-122,50,3,0,21,2,-54,3.891,15199.7,TRUE,TRUE,FALSE,5923.4567
Mar 21 2026 18:54:09.000 UTC,1774140849.0,17124.8,35.34653,-117.82908,30,3,23,-125,36,3,1,16,4,-55,3.907,15071.8,TRUE,TRUE,FALSE,5901.4306
Mar 21 2026 18:54:10.000 UTC,1774140850.0,16999.3,35.34656,-117.82903,31,3,17,-124,58,3,2,19,1,-55,3.907,14946.3,TRUE,TRUE,FALSE,5886.9474
Mar 21 2026 18:54:11.000 UTC,1774140851.0,16873.7,35.34659,-117.82896,30,3,31,-124,57,3,1,19,2,-66,3.907,14820.7,TRUE,TRUE,FALSE,5863.5104
Mar 21 2026 18:54:12.000 UTC,1774140852.0,16748.9,35.34665,-117.82887,31,3,34,-124,41,3,0,21,1,-58,3.907,14695.9,TRUE,TRUE,FALSE,5837.2757
Mar 21 2026 18:54:13.000 UTC,1774140853.0,16623.1,35.34673,-117.82881,28,3,29,-124,25,3,0,18,2,-60,3.906,14570.1,TRUE,TRUE,FALSE,5817.3104
Mar 21 2026 18:54:14.000 UTC,1774140854.0,16498.5,35.34679,-117.82878,29,3,22,-125,25,3,1,18,2,-55,3.906,14445.5,TRUE,TRUE,FALSE,5806.8667
Mar 21 2026 18:54:15.000 UTC,1774140855.0,16374.3,35.34684,-117.82873,30,3,27,-121,43,3,0,21,2,-62,3.909,14321.3,TRUE,TRUE,FALSE,5789.9975
Mar 21 2026 18:54:16.000 UTC,1774140856.0,16252.4,35.34690,-117.82864,30,3,40,-119,53,3,3,17,2,-62,3.909,14199.4,TRUE,TRUE,FALSE,5763.8245
Mar 21 2026 18:54:17.000 UTC,1774140857.0,16130.1,35.34700,-117.82855,30,3,42,-122,27,3,4,14,4,-57,3.909,14077.1,TRUE,TRUE,FALSE,5735.0374
Mar 21 2026 18:54:18.000 UTC,1774140858.0,16006.3,35.34709,-117.82850,28,3,31,-121,33,3,1,16,3,-55,3.908,13953.3,TRUE,TRUE,FALSE,5717.7874
Mar 21 2026 18:54:19.000 UTC,1774140859.0,15881.9,35.34716,-117.82843,29,3,35,-120,52,3,1,18,3,-72,3.908,13828.9,TRUE,TRUE,FALSE,5696.4551
Mar 21 2026 18:54:20.000 UTC,1774140860.0,15758.6,35.34721,-117.82833,30,3,46,-121,52,3,0,19,4,-58,3.905,13705.6,TRUE,TRUE,FALSE,5666.2632
Mar 21 2026 18:54:21.000 UTC,1774140861.0,15636.3,35.34730,-117.82821,30,3,46,-120,41,3,0,19,3,-60,3.905,13583.3,TRUE,TRUE,FALSE,5629.0436
Mar 21 2026 18:54:22.000 UTC,1774140862.0,15513.8,35.34740,-117.82813,30,3,38,-120,39,3,0,20,2,-54,3.906,13460.8,TRUE,TRUE,FALSE,5603.3068
Mar 21 2026 18:54:23.000 UTC,1774140863.0,15390.4,35.34746,-117.82804,30,3,28,-119,60,3,1,20,2,-58,3.906,13337.4,TRUE,TRUE,FALSE,5577.9464
Mar 21 2026 18:54:24.000 UTC,1774140864.0,15267.9,35.34750,-117.82793,30,3,45,-120,69,3,0,20,3,-58,3.907,13214.9,TRUE,TRUE,FALSE,5545.9476
Mar 21 2026 18:54:25.000 UTC,1774140865.0,15145.8,35.34756,-117.82780,30,3,43,-120,53,3,0,19,2,-60,3.907,13092.8,TRUE,TRUE,FALSE,5504.8185
Mar 21 2026 18:54:26.000 UTC,1774140866.0,15023.8,35.34763,-117.82769,30,3,34,-120,49,3,0,20,3,-57,3.908,12970.8,TRUE,TRUE,FALSE,5472.8579
Mar 21 2026 18:54:27.000 UTC,1774140867.0,14904.4,35.34767,-117.82761,29,3,19,-123,70,3,1,18,3,-63,3.908,12851.4,TRUE,TRUE,FALSE,5450.0995
Mar 21 2026 18:54:28.000 UTC,1774140868.0,14781.2,35.34768,-117.82753,30,3,30,-120,85,3,2,18,3,-55,3.908,12728.2,TRUE,TRUE,FALSE,5425.0986
Mar 21 2026 18:54:29.000 UTC,1774140869.0,14660.4,35.34771,-117.82742,30,3,34,-117,72,3,0,20,3,-55,3.906,12607.4,TRUE,TRUE,FALSE,5391.0171
Mar 21 2026 18:54:30.000 UTC,1774140870.0,14539.7,35.34776,-117.82732,30,3,26,-119,45,3,0,18,4,-62,3.906,12486.7,TRUE,TRUE,FALSE,5363.8105
Mar 21 2026 18:54:31.000 UTC,1774140871.0,14416.5,35.34779,-117.82729,30,3,12,-126,60,3,1,18,4,-62,3.904,12363.5,TRUE,TRUE,FALSE,5352.5399
Mar 21 2026 18:54:32.000 UTC,1774140872.0,14293.8,35.34780,-117.82723,30,3,20,-119,93,3,2,18,3,-61,3.904,12240.8,TRUE,TRUE,FALSE,5336.6423
Mar 21 2026 18:54:33.000 UTC,1774140873.0,14173.1,35.34781,-117.82716,30,3,29,-119,68,3,3,16,4,-57,3.907,12120.1,TRUE,TRUE,FALSE,5313.9646
Mar 21 2026 18:54:34.000 UTC,1774140874.0,14052.2,35.34787,-117.82708,30,3,30,-117,35,3,1,18,4,-53,3.907,11999.2,TRUE,TRUE,FALSE,5291.4571
Mar 21 2026 18:54:35.000 UTC,1774140875.0,13931.1,35.34791,-117.82705,29,3,15,-119,31,3,0,20,2,-63,3.905,11878.1,TRUE,TRUE,FALSE,5282.6122
Mar 21 2026 18:54:36.000 UTC,1774140876.0,13810.7,35.34794,-117.82701,30,3,16,-122,61,3,2,16,4,-63,3.905,11757.7,TRUE,TRUE,FALSE,5271.4179
Mar 21 2026 18:54:37.000 UTC,1774140877.0,13690.5,35.34797,-117.82694,30,3,32,-117,63,3,1,19,3,-73,3.888,11637.5,TRUE,TRUE,FALSE,5251.2098
Mar 21 2026 18:54:38.000 UTC,1774140878.0,13568.2,35.34803,-117.82686,29,3,33,-121,36,3,2,16,3,-68,3.888,11515.2,TRUE,TRUE,FALSE,5226.6893
Mar 21 2026 18:54:39.000 UTC,1774140879.0,13444.7,35.34811,-117.82680,29,3,29,-117,27,3,2,15,4,-58,3.888,11391.7,TRUE,TRUE,FALSE,5209.2779
Mar 21 2026 18:54:40.000 UTC,1774140880.0,13323.5,35.34816,-117.82674,30,3,26,-123,44,3,1,20,2,-67,3.904,11270.5,TRUE,TRUE,FALSE,5194.0496
Mar 21 2026 18:54:41.000 UTC,1774140881.0,13202.6,35.34820,-117.82667,30,3,34,-125,67,3,2,17,3,-65,3.904,11149.6,TRUE,TRUE,FALSE,5171.8334
Mar 21 2026 18:54:42.000 UTC,1774140882.0,13080.1,35.34826,-117.82654,30,3,49,-124,55,3,1,20,2,-52,3.906,11027.1,TRUE,TRUE,FALSE,5133.9892
Mar 21 2026 18:54:43.000 UTC,1774140883.0,12960.6,35.34834,-117.82642,30,3,44,-117,42,3,0,21,2,-68,3.906,10907.6,TRUE,TRUE,FALSE,5101.3553
Mar 21 2026 18:54:44.000 UTC,1774140884.0,12840.7,35.34841,-117.82634,30,3,25,-118,49,3,4,17,2,-53,3.905,10787.7,TRUE,TRUE,FALSE,5077.5743
Mar 21 2026 18:54:45.000 UTC,1774140885.0,12723.1,35.34845,-117.82626,30,3,36,-119,68,3,2,17,4,-60,3.905,10670.1,TRUE,TRUE,FALSE,5053.3644
Mar 21 2026 18:54:47.000 UTC,1774140887.0,12483.1,35.34854,-117.82600,30,3,40,-120,58,3,1,19,3,-54,3.903,10430.1,TRUE,TRUE,FALSE,4980.5690
Mar 21 2026 18:54:48.000 UTC,1774140888.0,12363.2,35.34859,-117.82591,30,3,25,-120,62,3,4,15,4,-55,3.903,10310.2,TRUE,TRUE,FALSE,4954.4454
Mar 21 2026 18:54:49.000 UTC,1774140889.0,12241.9,35.34861,-117.82584,30,3,22,-121,90,3,2,17,4,-61,3.892,10188.9,TRUE,TRUE,FALSE,4934.6075
Mar 21 2026 18:54:50.000 UTC,1774140890.0,12123.8,35.34861,-117.82574,29,3,35,-118,82,3,2,17,2,-65,3.892,10070.8,TRUE,TRUE,FALSE,4905.1329
Mar 21 2026 18:54:51.000 UTC,1774140891.0,12006.0,35.34863,-117.82564,30,3,33,-115,67,3,1,20,2,-54,3.903,9953.0,TRUE,TRUE,FALSE,4873.9839
Mar 21 2026 18:54:52.000 UTC,1774140892.0,11889.7,35.34867,-117.82557,30,3,21,-118,51,3,0,19,4,-54,3.903,9836.7,TRUE,TRUE,FALSE,4854.7090
Mar 21 2026 18:54:53.000 UTC,1774140893.0,11771.9,35.34870,-117.82552,30,3,14,-118,54,3,4,15,4,-52,3.906,9718.9,TRUE,TRUE,FALSE,4839.5896
Mar 21 2026 18:54:54.000 UTC,1774140894.0,11651.5,35.34873,-117.82547,30,3,20,-121,59,3,0,21,2,-62,3.906,9598.5,TRUE,TRUE,FALSE,4826.7605
Mar 21 2026 18:54:55.000 UTC,1774140895.0,11529.5,35.34875,-117.82541,30,3,24,-121,66,3,5,17,2,-52,3.903,9476.5,TRUE,TRUE,FALSE,4809.4254
Mar 21 2026 18:54:58.000 UTC,1774140898.0,11158.6,35.34890,-117.82524,31,3,17,-118,59,3,0,20,3,-52,3.889,9105.6,TRUE,TRUE,FALSE,4764.3993
Mar 21 2026 18:54:59.000 UTC,1774140899.0,11035.4,35.34893,-117.82518,30,3,27,-121,59,3,0,16,7,-67,3.889,8982.4,TRUE,TRUE,FALSE,4747.3639
Mar 21 2026 18:55:00.000 UTC,1774140900.0,10909.3,35.34898,-117.82510,31,3,27,-126,62,3,5,16,2,-58,3.903,8856.3,TRUE,TRUE,FALSE,4723.9972
Mar 21 2026 18:55:01.000 UTC,1774140901.0,10783.4,35.34902,-117.82500,30,3,30,-126,62,3,9,11,2,-54,3.903,8730.4,TRUE,TRUE,FALSE,4698.4370
Mar 21 2026 18:55:02.000 UTC,1774140902.0,10658.2,35.34906,-117.82491,30,3,33,-125,54,3,4,15,3,-58,3.903,8605.2,TRUE,TRUE,FALSE,4672.9464
Mar 21 2026 18:55:03.000 UTC,1774140903.0,10532.9,35.34911,-117.82481,30,3,33,-124,66,3,5,11,6,-58,3.903,8479.9,TRUE,TRUE,FALSE,4645.4246
Mar 21 2026 18:55:04.000 UTC,1774140904.0,10409.2,35.34914,-117.82472,30,3,25,-124,62,3,0,16,6,-54,3.905,8356.2,TRUE,TRUE,FALSE,4619.9214
Mar 21 2026 18:55:05.000 UTC,1774140905.0,10284.1,35.34917,-117.82463,31,3,28,-129,73,3,4,18,1,-61,3.905,8231.1,TRUE,TRUE,FALSE,4593.8171
Mar 21 2026 18:55:06.000 UTC,1774140906.0,10154.4,35.34921,-117.82452,30,3,42,-126,62,3,9,13,1,-55,3.905,8101.4,TRUE,TRUE,FALSE,4563.9082
Mar 21 2026 18:55:07.000 UTC,1774140907.0,10024.2,35.34925,-117.82442,30,3,36,-132,57,3,0,20,3,-68,3.906,7971.2,TRUE,TRUE,FALSE,4534.4206
Mar 21 2026 18:55:08.000 UTC,1774140908.0,9892.6,35.34930,-117.82433,30,3,28,-133,51,3,0,17,6,-59,3.906,7839.6,TRUE,TRUE,FALSE,4509.5329
Mar 21 2026 18:55:09.000 UTC,1774140909.0,9760.8,35.34933,-117.82424,31,3,41,-127,67,3,5,14,4,-52,3.905,7707.8,TRUE,TRUE,FALSE,4486.6100
Mar 21 2026 18:55:10.000 UTC,1774140910.0,9635.6,35.34938,-117.82412,30,3,40,-125,64,3,0,18,3,-55,3.905,7582.6,TRUE,TRUE,FALSE,4452.6937
Mar 21 2026 18:55:11.000 UTC,1774140911.0,9507.5,35.34943,-117.82402,27,3,8,-135,42,3,2,15,3,-54,3.902,7454.5,TRUE,TRUE,FALSE,4426.0183
Mar 21 2026 18:55:12.000 UTC,1774140912.0,9375.6,35.34945,-117.82397,30,3,24,-129,76,3,6,10,7,-56,3.902,7322.6,TRUE,TRUE,FALSE,4413.5398
Mar 21 2026 18:55:13.000 UTC,1774140913.0,9249.0,35.34945,-117.82388,30,3,37,-135,80,3,0,19,4,-54,3.902,7196.0,TRUE,TRUE,FALSE,4384.5204
Mar 21 2026 18:55:14.000 UTC,1774140914.0,9113.9,35.34947,-117.82378,30,3,32,-136,79,3,2,15,6,-54,3.904,7060.9,TRUE,TRUE,FALSE,4356.5519
Mar 21 2026 18:55:15.000 UTC,1774140915.0,8983.9,35.34949,-117.82368,30,3,30,-134,80,3,1,18,5,-53,3.904,6930.9,TRUE,TRUE,FALSE,4330.4399
Mar 21 2026 18:55:16.000 UTC,1774140916.0,8849.0,35.34949,-117.82357,30,3,37,-141,90,3,1,17,4,-52,3.902,6796.0,TRUE,TRUE,FALSE,4297.1821
Mar 21 2026 18:55:17.000 UTC,1774140917.0,8702.2,35.34949,-117.82344,31,3,46,-152,86,3,0,19,4,-67,3.902,6649.2,TRUE,TRUE,FALSE,4258.5808
Mar 21 2026 18:55:18.000 UTC,1774140918.0,8555.5,35.34953,-117.82329,30,3,53,-143,61,3,10,12,2,-67,3.903,6502.5,TRUE,TRUE,FALSE,4215.8937
Mar 21 2026 18:55:19.000 UTC,1774140919.0,8418.5,35.34958,-117.82315,31,3,34,-133,58,3,9,13,1,-54,3.903,6365.5,TRUE,TRUE,FALSE,4178.4863
Mar 21 2026 18:55:20.000 UTC,1774140920.0,8288.4,35.34961,-117.82305,30,3,30,-128,82,3,3,16,4,-60,3.887,6235.4,TRUE,TRUE,FALSE,4151.2312
Mar 21 2026 18:55:21.000 UTC,1774140921.0,8160.6,35.34962,-117.82294,30,3,35,-128,81,3,1,17,5,-59,3.887,6107.6,TRUE,TRUE,FALSE,4118.3567
Mar 21 2026 18:55:22.000 UTC,1774140922.0,8034.7,35.34963,-117.82282,30,3,36,-125,78,3,0,21,3,-54,3.887,5981.7,TRUE,TRUE,FALSE,4085.7498
Mar 21 2026 18:55:24.000 UTC,1774140924.0,7771.5,35.34968,-117.82257,30,3,37,-143,76,3,4,16,3,-55,3.902,5718.5,TRUE,TRUE,FALSE,4015.1922
Mar 21 2026 18:55:26.000 UTC,1774140926.0,7473.1,35.34969,-117.82234,30,3,35,-148,95,3,0,22,1,-64,3.901,5420.1,TRUE,TRUE,FALSE,3948.9525
Mar 21 2026 18:55:27.000 UTC,1774140927.0,7325.3,35.34968,-117.82223,30,3,30,-143,110,3,4,15,2,-66,3.901,5272.3,TRUE,TRUE,FALSE,3914.4207
Mar 21 2026 18:55:29.000 UTC,1774140929.0,7049.2,35.34966,-117.82200,32,3,42,-133,88,3,1,21,2,-51,3.905,4996.2,TRUE,TRUE,FALSE,3846.4053
Mar 21 2026 18:55:30.000 UTC,1774140930.0,6909.8,35.34966,-117.82186,30,3,39,-137,90,3,0,22,0,-53,3.905,4856.8,TRUE,TRUE,FALSE,3806.2388
Mar 21 2026 18:55:31.000 UTC,1774140931.0,6769.9,35.34965,-117.82175,30,3,35,-132,97,3,1,18,4,-60,3.902,4716.9,TRUE,TRUE,FALSE,3771.9773
Mar 21 2026 18:55:32.000 UTC,1774140932.0,6632.7,35.34964,-117.82164,29,3,31,-129,91,3,1,18,4,-55,3.902,4579.7,TRUE,TRUE,FALSE,3739.9479
Mar 21 2026 18:55:33.000 UTC,1774140933.0,6496.1,35.34965,-117.82153,30,3,30,-136,80,3,4,18,3,-62,3.903,4443.1,TRUE,TRUE,FALSE,3709.2655
Mar 21 2026 18:55:35.000 UTC,1774140935.0,6219.6,35.34967,-117.82133,31,3,33,-140,82,3,0,18,5,-48,3.904,4166.6,TRUE,TRUE,FALSE,3650.4700
Mar 21 2026 18:55:36.000 UTC,1774140936.0,6076.8,35.34968,-117.82122,31,3,31,-143,89,3,0,19,4,-52,3.904,4023.8,TRUE,TRUE,FALSE,3620.1370
Mar 21 2026 18:55:37.000 UTC,1774140937.0,5932.7,35.34968,-117.82111,31,3,31,-141,89,3,5,14,5,-52,3.889,3879.7,TRUE,TRUE,FALSE,3588.9806
Mar 21 2026 18:55:38.000 UTC,1774140938.0,5791.5,35.34967,-117.82101,31,3,36,-140,82,3,4,13,7,-55,3.889,3738.5,TRUE,TRUE,FALSE,3557.5499
Mar 21 2026 18:55:39.000 UTC,1774140939.0,5654.9,35.34968,-117.82090,31,3,24,-132,72,3,1,19,3,-55,3.889,3601.9,TRUE,TRUE,FALSE,3526.9924
Mar 21 2026 18:55:40.000 UTC,1774140940.0,5521.9,35.34968,-117.82084,31,3,18,-133,108,3,3,14,5,-53,3.901,3468.9,TRUE,TRUE,FALSE,3509.2094
Mar 21 2026 18:55:41.000 UTC,1774140941.0,5394.5,35.34966,-117.82074,31,3,39,-123,98,3,0,18,5,-54,3.901,3341.5,TRUE,TRUE,FALSE,3478.8609
Mar 21 2026 18:55:42.000 UTC,1774140942.0,5269.3,35.34966,-117.82063,31,3,29,-124,82,3,6,13,5,-56,3.906,3216.3,TRUE,TRUE,FALSE,3447.1638
Mar 21 2026 18:55:43.000 UTC,1774140943.0,5139.1,35.34969,-117.82057,31,3,24,-131,46,3,2,18,2,-58,3.906,3086.1,TRUE,TRUE,FALSE,3431.7552
Mar 21 2026 18:55:44.000 UTC,1774140944.0,5010.5,35.34970,-117.82053,30,3,7,-126,89,3,1,18,3,-53,3.906,2957.5,TRUE,TRUE,FALSE,3421.5549
Mar 21 2026 18:55:45.000 UTC,1774140945.0,4887.5,35.34970,-117.82046,30,3,43,-122,72,3,4,17,2,-59,3.899,2834.5,TRUE,TRUE,FALSE,3399.6694
Mar 21 2026 18:55:46.000 UTC,1774140946.0,4765.4,35.34975,-117.82032,31,3,40,-125,68,3,5,17,1,-60,3.899,2712.4,TRUE,TRUE,FALSE,3363.4722
Mar 21 2026 18:55:47.000 UTC,1774140947.0,4636.6,35.34981,-117.82027,30,3,34,-132,25,3,0,21,1,-64,3.897,2583.6,TRUE,TRUE,FALSE,3353.0786
Mar 21 2026 18:55:48.000 UTC,1774140948.0,4514.2,35.34985,-117.82024,30,3,13,-116,61,3,10,9,4,-58,3.897,2461.2,TRUE,TRUE,FALSE,3347.8383
Mar 21 2026 18:55:49.000 UTC,1774140949.0,4394.8,35.34988,-117.82014,30,3,37,-122,78,3,4,16,2,-49,3.9,2341.8,TRUE,TRUE,FALSE,3324.0321
Mar 21 2026 18:55:50.000 UTC,1774140950.0,4270.4,35.34993,-117.82001,30,3,43,-133,48,3,0,17,4,-50,3.9,2217.4,TRUE,TRUE,FALSE,3291.0435
Mar 21 2026 18:55:51.000 UTC,1774140951.0,4137.8,35.35001,-117.81991,29,3,40,-128,45,3,1,19,2,-50,3.904,2084.8,TRUE,TRUE,FALSE,3267.7571
Mar 21 2026 18:55:52.000 UTC,1774140952.0,4016.1,35.35007,-117.81983,30,3,32,-123,38,3,2,14,7,-51,3.904,1963.1,TRUE,TRUE,FALSE,3252.1233
Mar 21 2026 18:55:53.000 UTC,1774140953.0,3891.4,35.35014,-117.81977,30,3,28,-132,42,3,1,20,1,-53,3.904,1838.4,TRUE,TRUE,FALSE,3241.5004
Mar 21 2026 18:55:54.000 UTC,1774140954.0,3755.4,35.35021,-117.81969,29,3,37,-146,51,3,10,10,3,-54,3.902,1702.4,TRUE,TRUE,FALSE,3224.2084
Mar 21 2026 18:55:55.000 UTC,1774140955.0,3607.3,35.35026,-117.81960,30,3,30,-145,59,3,7,12,4,-53,3.902,1554.3,TRUE,TRUE,FALSE,3203.7874
Mar 21 2026 18:55:56.000 UTC,1774140956.0,3466.0,35.35031,-117.81951,30,3,31,-135,78,3,1,14,8,-47,3.9,1413.0,TRUE,TRUE,FALSE,3184.9127
Mar 21 2026 18:55:58.000 UTC,1774140958.0,3391.6,35.35041,-117.81937,23,3,30,-11,31,3,5,13,2,-51,3.887,1338.6,TRUE,TRUE,FALSE,3155.4759
Mar 21 2026 18:55:59.000 UTC,1774140959.0,3388.8,35.35047,-117.81931,23,3,23,-9,29,3,4,16,0,-54,3.887,1335.8,TRUE,TRUE,FALSE,3147.5497
Mar 21 2026 18:56:00.000 UTC,1774140960.0,3384.1,35.35052,-117.81927,26,3,22,-10,34,3,4,15,2,-47,3.887,1331.1,TRUE,TRUE,FALSE,3141.0618
Mar 21 2026 18:56:01.000 UTC,1774140961.0,3376.3,35.35058,-117.81921,27,3,25,-12,43,3,4,15,2,-47,3.902,1323.3,TRUE,TRUE,FALSE,3132.6025
Mar 21 2026 18:56:02.000 UTC,1774140962.0,3367.0,35.35063,-117.81916,28,3,25,-12,52,3,2,18,2,-50,3.902,1314.0,TRUE,TRUE,FALSE,3123.8419
Mar 21 2026 18:56:03.000 UTC,1774140963.0,3356.2,35.35067,-117.81909,29,3,25,-11,56,3,3,19,1,-52,3.899,1303.2,TRUE,TRUE,FALSE,3110.0083
Mar 21 2026 18:56:04.000 UTC,1774140964.0,3345.0,35.35070,-117.81902,29,3,23,-11,63,3,5,16,2,-50,3.899,1292.0,TRUE,TRUE,FALSE,3094.8295
Mar 21 2026 18:56:05.000 UTC,1774140965.0,3333.8,35.35072,-117.81895,30,3,20,-12,76,3,7,14,2,-52,3.879,1280.8,TRUE,TRUE,FALSE,3078.7436
Mar 21 2026 18:56:06.000 UTC,1774140966.0,3321.6,35.35073,-117.81889,31,3,16,-12,95,3,4,15,4,-54,3.879,1268.6,TRUE,TRUE,FALSE,3062.3057
Mar 21 2026 18:56:07.000 UTC,1774140967.0,3308.9,35.35072,-117.81884,29,3,13,-12,115,3,1,19,3,-52,3.879,1255.9,TRUE,TRUE,FALSE,3045.9673
Mar 21 2026 18:56:08.000 UTC,1774140968.0,3296.2,35.35070,-117.81881,30,3,10,-12,132,3,4,13,6,-54,3.902,1243.2,TRUE,TRUE,FALSE,3034.9645
Mar 21 2026 18:56:09.000 UTC,1774140969.0,3283.9,35.35068,-117.81879,31,3,6,-13,178,3,3,16,4,-55,3.902,1230.9,TRUE,TRUE,FALSE,3028.2016
Mar 21 2026 18:56:10.000 UTC,1774140970.0,3271.0,35.35067,-117.81880,31,3,4,-12,-113,3,3,15,4,-54,3.904,1218.0,TRUE,TRUE,FALSE,3028.8106
Mar 21 2026 18:56:11.000 UTC,1774140971.0,3258.0,35.35067,-117.81882,30,3,9,-12,-63,3,1,19,3,-52,3.904,1205.0,TRUE,TRUE,FALSE,3035.6726
Mar 21 2026 18:56:12.000 UTC,1774140972.0,3244.9,35.35069,-117.81885,31,3,11,-12,-31,3,1,16,6,-53,3.904,1191.9,TRUE,TRUE,FALSE,3044.5450
Mar 21 2026 18:56:13.000 UTC,1774140973.0,3232.7,35.35072,-117.81886,30,3,12,-11,-15,3,3,16,4,-51,3.901,1179.7,TRUE,TRUE,FALSE,3052.8243
Mar 21 2026 18:56:15.000 UTC,1774140975.0,3208.2,35.35080,-117.81887,31,3,16,-12,11,3,3,17,3,-52,3.88,1155.2,TRUE,TRUE,FALSE,3065.7086
Mar 21 2026 18:56:16.000 UTC,1774140976.0,3194.9,35.35085,-117.81885,30,3,21,-13,25,3,2,17,4,-53,3.88,1141.9,TRUE,TRUE,FALSE,3066.1816
Mar 21 2026 18:56:19.000 UTC,1774140979.0,3157.0,35.35096,-117.81866,30,3,23,-12,82,3,1,19,3,-52,3.899,1104.0,TRUE,TRUE,FALSE,3028.8737
Mar 21 2026 18:56:20.000 UTC,1774140980.0,3145.0,35.35096,-117.81858,31,3,21,-12,98,3,2,16,5,-51,3.899,1092.0,TRUE,TRUE,FALSE,3008.0137
Mar 21 2026 18:56:21.000 UTC,1774140981.0,3133.3,35.35094,-117.81852,31,3,19,-11,110,3,2,17,4,-54,3.9,1080.3,TRUE,TRUE,FALSE,2989.1177
Mar 21 2026 18:56:22.000 UTC,1774140982.0,3121.8,35.35092,-117.81847,31,3,15,-12,124,3,2,20,1,-52,3.9,1068.8,TRUE,TRUE,FALSE,2971.7508
Mar 21 2026 18:56:24.000 UTC,1774140984.0,3096.4,35.35087,-117.81843,31,3,7,-13,-178,3,2,18,3,-52,3.885,1043.4,TRUE,TRUE,FALSE,2954.1302
Mar 21 2026 18:56:25.000 UTC,1774140985.0,3083.8,35.35086,-117.81844,31,3,4,-12,-116,3,2,17,4,-51,3.885,1030.8,TRUE,TRUE,FALSE,2954.0218
Mar 21 2026 18:56:26.000 UTC,1774140986.0,3071.5,35.35086,-117.81845,31,3,6,-12,-41,3,1,19,3,-52,3.899,1018.5,TRUE,TRUE,FALSE,2958.7488
Mar 21 2026 18:56:27.000 UTC,1774140987.0,3059.2,35.35088,-117.81847,31,3,10,-12,-17,3,1,17,5,-56,3.899,1006.2,TRUE,TRUE,FALSE,2966.2204
Mar 21 2026 18:56:28.000 UTC,1774140988.0,3047.4,35.35091,-117.81847,31,3,12,-11,0,3,2,15,6,-54,3.902,994.4,TRUE,TRUE,FALSE,2970.6403
Mar 21 2026 18:56:29.000 UTC,1774140989.0,3035.8,35.35095,-117.81846,31,3,13,-11,19,3,4,15,3,-53,3.902,982.8,TRUE,TRUE,FALSE,2973.5735
Mar 21 2026 18:56:30.000 UTC,1774140990.0,3023.6,35.35099,-117.81844,30,3,17,-12,36,3,3,15,4,-53,3.902,970.6,TRUE,TRUE,FALSE,2972.9711
Mar 21 2026 18:56:31.000 UTC,1774140991.0,3010.6,35.35102,-117.81839,30,3,21,-13,52,3,3,16,3,-55,3.902,957.6,TRUE,TRUE,FALSE,2966.2368
Mar 21 2026 18:56:32.000 UTC,1774140992.0,2997.6,35.35106,-117.81833,31,3,22,-12,66,3,2,18,4,-52,3.902,944.6,TRUE,TRUE,FALSE,2954.9040
Mar 21 2026 18:56:33.000 UTC,1774140993.0,2985.3,35.35108,-117.81825,31,3,22,-12,76,3,1,21,1,-55,3.902,932.3,TRUE,TRUE,FALSE,2937.2154
Mar 21 2026 18:56:34.000 UTC,1774140994.0,2973.3,35.35109,-117.81818,31,3,21,-12,86,3,1,19,3,-65,3.902,920.3,TRUE,TRUE,FALSE,2919.8822
Mar 21 2026 18:56:35.000 UTC,1774140995.0,2960.7,35.35108,-117.81811,31,3,21,-13,104,3,2,20,1,-56,3.898,907.7,TRUE,TRUE,FALSE,2898.7445
Mar 21 2026 18:56:36.000 UTC,1774140996.0,2946.7,35.35106,-117.81805,31,3,20,-14,128,3,1,20,2,-51,3.898,893.7,TRUE,TRUE,FALSE,2878.1374
Mar 21 2026 18:56:37.000 UTC,1774140997.0,2933.1,35.35102,-117.81800,31,3,19,-12,138,3,1,19,3,-51,3.9,880.1,TRUE,TRUE,FALSE,2859.8521
Mar 21 2026 18:56:39.000 UTC,1774140999.0,2909.4,35.35094,-117.81793,31,3,11,-12,158,3,2,20,1,-53,3.899,856.4,TRUE,TRUE,FALSE,2830.0990
Mar 21 2026 18:56:40.000 UTC,1774141000.0,2896.0,35.35092,-117.81793,31,3,8,-13,-164,3,3,18,2,-55,3.899,843.0,TRUE,TRUE,FALSE,2825.9987
Mar 21 2026 18:56:41.000 UTC,1774141001.0,2882.6,35.35090,-117.81794,31,3,5,-13,-125,3,1,20,2,-53,3.903,829.6,TRUE,TRUE,FALSE,2825.7336
Mar 21 2026 18:56:42.000 UTC,1774141002.0,2870.2,35.35090,-117.81796,31,3,4,-12,-63,3,2,16,5,-50,3.903,817.2,TRUE,TRUE,FALSE,2831.3523
Mar 21 2026 18:56:43.000 UTC,1774141003.0,2857.5,35.35091,-117.81797,31,3,8,-13,-5,3,0,19,4,-50,3.881,804.5,TRUE,TRUE,FALSE,2835.7391
Mar 21 2026 18:56:44.000 UTC,1774141004.0,2844.3,35.35094,-117.81796,31,3,11,-13,12,3,1,17,5,-49,3.881,791.3,TRUE,TRUE,FALSE,2837.7581
Mar 21 2026 18:56:45.000 UTC,1774141005.0,2831.4,35.35097,-117.81796,31,3,13,-12,25,3,1,16,6,-58,3.881,778.4,TRUE,TRUE,FALSE,2840.4010
Mar 21 2026 18:56:46.000 UTC,1774141006.0,2819.1,35.35101,-117.81792,31,3,16,-12,42,3,0,20,2,-54,3.901,766.1,TRUE,TRUE,FALSE,2837.5210
Mar 21 2026 18:56:47.000 UTC,1774141007.0,2805.8,35.35104,-117.81788,31,3,19,-13,61,3,2,15,6,-53,3.901,752.8,TRUE,TRUE,FALSE,2830.0227
Mar 21 2026 18:56:48.000 UTC,1774141008.0,2792.4,35.35106,-117.81782,31,3,20,-13,70,3,2,18,3,-49,3.9,739.4,TRUE,TRUE,FALSE,2817.3075
Mar 21 2026 18:56:49.000 UTC,1774141009.0,2779.8,35.35107,-117.81775,31,3,20,-12,72,3,1,20,2,-54,3.9,726.8,TRUE,TRUE,FALSE,2801.4049
Mar 21 2026 18:56:50.000 UTC,1774141010.0,2767.1,35.35109,-117.81769,31,3,19,-12,83,3,1,18,4,-58,3.901,714.1,TRUE,TRUE,FALSE,2787.6054
Mar 21 2026 18:56:51.000 UTC,1774141011.0,2753.4,35.35108,-117.81762,31,3,21,-14,107,3,1,18,4,-58,3.901,700.4,TRUE,TRUE,FALSE,2768.0731
Mar 21 2026 18:56:52.000 UTC,1774141012.0,2738.8,35.35106,-117.81755,31,3,21,-13,124,3,2,21,0,-54,3.896,685.8,TRUE,TRUE,FALSE,2745.4181
Mar 21 2026 18:56:53.000 UTC,1774141013.0,2725.9,35.35102,-117.81750,30,3,18,-12,134,3,3,18,2,-54,3.896,672.9,TRUE,TRUE,FALSE,2726.9816
Mar 21 2026 18:56:54.000 UTC,1774141014.0,2713.7,35.35098,-117.81747,31,3,15,-12,147,3,2,19,2,-54,3.896,660.7,TRUE,TRUE,FALSE,2711.2151
Mar 21 2026 18:56:55.000 UTC,1774141015.0,2700.7,35.35094,-117.81744,31,3,13,-13,166,3,2,18,3,-54,3.899,647.7,TRUE,TRUE,FALSE,2698.9209
Mar 21 2026 18:56:56.000 UTC,1774141016.0,2687.4,35.35091,-117.81744,31,3,12,-13,-172,3,2,20,1,-58,3.899,634.4,TRUE,TRUE,FALSE,2693.3977
Mar 21 2026 18:56:57.000 UTC,1774141017.0,2674.5,35.35088,-117.81745,31,3,9,-12,-153,3,2,18,3,-64,3.9,621.5,TRUE,TRUE,FALSE,2690.5741
Mar 21 2026 18:56:58.000 UTC,1774141018.0,2662.1,35.35086,-117.81747,32,3,6,-12,-129,3,2,16,5,-60,3.9,609.1,TRUE,TRUE,FALSE,2691.6499
Mar 21 2026 18:56:59.000 UTC,1774141019.0,2649.2,35.35086,-117.81748,31,3,4,-13,-52,3,1,15,7,-53,3.898,596.2,TRUE,TRUE,FALSE,2695.1488
Mar 21 2026 18:57:00.000 UTC,1774141020.0,2635.4,35.35088,-117.81749,31,3,8,-13,-3,3,2,14,6,-53,3.898,582.4,TRUE,TRUE,FALSE,2700.2076
Mar 21 2026 18:57:01.000 UTC,1774141021.0,2622.3,35.35091,-117.81749,30,3,12,-12,20,3,1,16,6,-50,3.9,569.3,TRUE,TRUE,FALSE,2705.0508
Mar 21 2026 18:57:02.000 UTC,1774141022.0,2609.6,35.35094,-117.81747,31,3,15,-13,38,3,1,18,3,-54,3.9,556.6,TRUE,TRUE,FALSE,2704.4227
Mar 21 2026 18:57:03.000 UTC,1774141023.0,2596.7,35.35097,-117.81742,31,3,17,-12,56,3,3,15,4,-54,3.878,543.7,TRUE,TRUE,FALSE,2697.1460
Mar 21 2026 18:57:04.000 UTC,1774141024.0,2584.1,35.35099,-117.81737,31,3,18,-12,74,3,2,16,5,-49,3.878,531.1,TRUE,TRUE,FALSE,2686.0510
Mar 21 2026 18:57:05.000 UTC,1774141025.0,2571.6,35.35100,-117.81731,31,3,19,-11,90,3,1,19,3,-45,3.878,518.6,TRUE,TRUE,FALSE,2671.0982
Mar 21 2026 18:57:06.000 UTC,1774141026.0,2560.1,35.35099,-117.81724,30,3,19,-11,101,3,3,17,3,-55,3.897,507.1,TRUE,TRUE,FALSE,2651.6193
Mar 21 2026 18:57:07.000 UTC,1774141027.0,2548.6,35.35098,-117.81718,30,3,18,-11,111,3,3,19,1,-54,3.897,495.6,TRUE,TRUE,FALSE,2632.9012
Mar 21 2026 18:57:08.000 UTC,1774141028.0,2537.2,35.35096,-117.81712,31,3,17,-11,125,3,2,20,1,-55,3.897,484.2,TRUE,TRUE,FALSE,2615.5685
Mar 21 2026 18:57:09.000 UTC,1774141029.0,2524.9,35.35092,-117.81709,31,3,17,-12,148,3,1,21,1,-52,3.897,471.9,TRUE,TRUE,FALSE,2599.7306
Mar 21 2026 18:57:10.000 UTC,1774141030.0,2511.6,35.35086,-117.81707,31,3,16,-13,-175,3,2,17,4,-71,3.899,458.6,TRUE,TRUE,FALSE,2585.5810
Mar 21 2026 18:57:11.000 UTC,1774141031.0,2498.8,35.35083,-117.81709,30,3,15,-11,-149,3,4,17,1,-56,3.899,445.8,TRUE,TRUE,FALSE,2587.3092
Mar 21 2026 18:57:12.000 UTC,1774141032.0,2487.8,35.35080,-117.81712,31,3,13,-10,-135,3,4,18,1,-59,3.898,434.8,TRUE,TRUE,FALSE,2590.5155
Mar 21 2026 18:57:13.000 UTC,1774141033.0,2476.8,35.35078,-117.81715,31,3,9,-12,-123,3,3,17,2,-59,3.898,423.8,TRUE,TRUE,FALSE,2595.0139
Mar 21 2026 18:57:14.000 UTC,1774141034.0,2464.1,35.35078,-117.81718,31,3,7,-14,-78,3,3,15,5,-55,3.898,411.1,TRUE,TRUE,FALSE,2600.5412
Mar 21 2026 18:57:15.000 UTC,1774141035.0,2448.9,35.35079,-117.81720,30,3,8,-14,-43,3,2,15,4,-53,3.896,395.9,TRUE,TRUE,FALSE,2608.4991
Mar 21 2026 18:57:16.000 UTC,1774141036.0,2434.5,35.35081,-117.81721,31,3,9,-14,-21,3,1,16,6,-51,3.896,381.5,TRUE,TRUE,FALSE,2616.2389
Mar 21 2026 18:57:17.000 UTC,1774141037.0,2420.6,35.35084,-117.81722,31,3,11,-14,11,3,1,18,4,-56,3.898,367.6,TRUE,TRUE,FALSE,2623.1763
Mar 21 2026 18:57:18.000 UTC,1774141038.0,2405.9,35.35087,-117.81720,31,3,14,-14,34,3,2,16,5,-55,3.898,352.9,TRUE,TRUE,FALSE,2622.0016
Mar 21 2026 18:57:19.000 UTC,1774141039.0,2391.2,35.35091,-117.81717,31,3,17,-14,48,3,4,14,4,-56,3.894,338.2,TRUE,TRUE,FALSE,2619.4890
Mar 21 2026 18:57:20.000 UTC,1774141040.0,2376.5,35.35093,-117.81712,28,3,17,-14,59,3,3,14,3,-56,3.894,323.5,TRUE,TRUE,FALSE,2609.7271
Mar 21 2026 18:57:21.000 UTC,1774141041.0,2361.8,35.35095,-117.81706,29,3,18,-15,79,3,1,20,2,-54,3.894,308.8,TRUE,TRUE,FALSE,2598.7781
Mar 21 2026 18:57:22.000 UTC,1774141042.0,2345.5,35.35095,-117.81700,31,3,19,-17,104,3,1,18,4,-60,3.894,292.5,TRUE,TRUE,FALSE,2582.0073
Mar 21 2026 18:57:23.000 UTC,1774141043.0,2328.9,35.35093,-117.81694,31,3,19,-16,122,3,2,20,1,-60,3.894,275.9,TRUE,TRUE,FALSE,2562.0218
Mar 21 2026 18:57:24.000 UTC,1774141044.0,2314.4,35.35089,-117.81689,31,3,17,-13,139,3,2,20,1,-54,3.902,261.4,TRUE,TRUE,FALSE,2544.7763
Mar 21 2026 18:57:25.000 UTC,1774141045.0,2301.2,35.35086,-117.81687,30,3,14,-13,167,3,1,17,4,-56,3.902,248.2,TRUE,TRUE,FALSE,2532.3092
Mar 21 2026 18:57:26.000 UTC,1774141046.0,2287.1,35.35082,-117.81687,31,3,12,-14,-158,3,4,14,5,-56,3.899,234.1,TRUE,TRUE,FALSE,2525.9473
Mar 21 2026 18:57:27.000 UTC,1774141047.0,2273.6,35.35079,-117.81689,31,3,12,-13,-139,3,4,17,1,-59,3.899,220.6,TRUE,TRUE,FALSE,2527.6160
Mar 21 2026 18:57:28.000 UTC,1774141048.0,2260.4,35.35077,-117.81693,31,3,10,-12,-124,3,4,16,3,-64,3.896,207.4,TRUE,TRUE,FALSE,2531.9952
Mar 21 2026 18:57:29.000 UTC,1774141049.0,2247.3,35.35076,-117.81696,31,3,10,-13,-97,3,2,16,5,-58,3.896,194.3,TRUE,TRUE,FALSE,2538.2777
Mar 21 2026 18:57:30.000 UTC,1774141050.0,2232.9,35.35077,-117.81699,31,3,11,-14,-67,3,1,18,4,-58,3.897,179.9,TRUE,TRUE,FALSE,2549.6996
Mar 21 2026 18:57:31.000 UTC,1774141051.0,2218.6,35.35078,-117.81702,31,3,12,-14,-53,3,1,18,3,-56,3.897,165.6,TRUE,TRUE,FALSE,2560.3181
Mar 21 2026 18:57:32.000 UTC,1774141052.0,2204.7,35.35080,-117.81706,31,3,11,-13,-56,3,3,18,1,-58,3.877,151.7,TRUE,TRUE,FALSE,2573.5918
Mar 21 2026 18:57:33.000 UTC,1774141053.0,2191.0,35.35082,-117.81709,31,3,10,-14,-48,3,3,17,3,-54,3.877,138.0,TRUE,TRUE,FALSE,2584.8295
Mar 21 2026 18:57:34.000 UTC,1774141054.0,2176.2,35.35084,-117.81712,30,3,11,-15,-17,3,3,16,3,-60,3.877,123.2,TRUE,TRUE,FALSE,2594.6545
Mar 21 2026 18:57:35.000 UTC,1774141055.0,2160.5,35.35088,-117.81712,31,3,14,-15,-1,3,2,16,5,-65,3.896,107.5,TRUE,TRUE,FALSE,2600.8931
Mar 21 2026 18:57:36.000 UTC,1774141056.0,2145.6,35.35092,-117.81712,31,3,13,-14,-1,3,1,17,3,-53,3.896,92.6,TRUE,TRUE,FALSE,2607.1912
Mar 21 2026 18:57:37.000 UTC,1774141057.0,2131.9,35.35095,-117.81712,31,3,12,-13,-9,3,1,17,3,-53,3.903,78.9,TRUE,TRUE,FALSE,2614.9306
Mar 21 2026 18:57:39.000 UTC,1774141059.0,2105.9,35.35102,-117.81713,30,3,13,-12,13,3,2,15,4,-50,3.898,52.9,TRUE,TRUE,FALSE,2628.5137
Mar 21 2026 18:57:40.000 UTC,1774141060.0,2092.0,35.35106,-117.81711,29,3,16,-14,37,3,2,15,4,-50,3.898,39.0,TRUE,TRUE,FALSE,2628.9985
Mar 21 2026 18:57:41.000 UTC,1774141061.0,2078.5,35.35109,-117.81707,31,3,18,-13,49,3,1,17,4,-53,3.897,25.5,TRUE,TRUE,FALSE,2624.9134
Mar 21 2026 18:57:42.000 UTC,1774141062.0,2066.6,35.35112,-117.81702,31,3,15,-11,44,3,2,16,4,-52,3.897,13.6,TRUE,TRUE,FALSE,2618.2687
Mar 21 2026 18:57:43.000 UTC,1774141063.0,2055.4,35.35115,-117.81699,30,3,14,-12,49,3,2,16,4,-52,3.897,2.4,TRUE,TRUE,FALSE,2615.0215
Mar 21 2026 18:57:44.000 UTC,1774141064.0,2041.9,35.35117,-117.81695,31,3,14,-14,75,3,3,19,1,-50,3.9,-11.1,TRUE,TRUE,FALSE,2606.5108
Mar 21 2026 18:57:45.000 UTC,1774141065.0,2027.2,35.35117,-117.81689,31,3,16,-14,98,3,2,20,1,-55,3.9,-25.8,TRUE,TRUE,FALSE,2593.3369
Mar 21 2026 18:57:46.000 UTC,1774141066.0,2014.4,35.35116,-117.81684,31,3,17,-12,116,3,5,15,2,-65,3.899,-38.6,TRUE,TRUE,FALSE,2576.7488
Mar 21 2026 18:57:47.000 UTC,1774141067.0,2001.7,35.35114,-117.81680,31,3,14,-11,119,3,2,20,1,-68,3.899,-51.3,TRUE,TRUE,FALSE,2560.7636
Mar 21 2026 18:57:48.000 UTC,1774141068.0,1989.8,35.35112,-117.81676,31,3,13,-12,108,3,2,21,0,-66,3.895,-63.2,TRUE,TRUE,FALSE,2548.1302
Mar 21 2026 18:57:49.000 UTC,1774141069.0,1981.0,35.35111,-117.81671,31,3,10,0,88,3,1,16,6,-66,3.895,-72.0,TRUE,TRUE,TRUE,2534.8998
Mar 21 2026 18:57:50.000 UTC,1774141070.0,1981.1,35.35111,-117.81670,31,3,0,0,28,3,1,14,6,-66,3.895,-71.9,TRUE,TRUE,TRUE,2532.9256
Mar 21 2026 18:57:51.000 UTC,1774141071.0,1980.9,35.35111,-117.81670,31,3,0,0,-155,3,1,14,6,-66,3.895,-72.1,TRUE,TRUE,TRUE,2532.9256
Mar 21 2026 18:57:52.000 UTC,1774141072.0,1981.0,35.35111,-117.81670,31,3,0,0,-11,3,1,14,5,-66,3.875,-72.0,TRUE,TRUE,TRUE,2532.2355
